from,to,layer,capacity,travel_time,status,attributes_json
POWER_001,HOSP_014,Energy Grid,115.68,4,active,"{""layer"": ""Energy Grid"", ""capacity"": 115.68, ""travel_time"": 4, ""status"": ""active""}"
POWER_001,HOSP_027,Energy Grid,41.56,4,active,"{""layer"": ""Energy Grid"", ""capacity"": 41.56, ""travel_time"": 4, ""status"": ""active""}"
POWER_001,HOSP_032,Energy Grid,110.45,3,active,"{""layer"": ""Energy Grid"", ""capacity"": 110.45, ""travel_time"": 3, ""status"": ""active""}"
POWER_001,HOSP_013,Energy Grid,86.06,3,active,"{""layer"": ""Energy Grid"", ""capacity"": 86.06, ""travel_time"": 3, ""status"": ""active""}"
POWER_001,HOSP_025,Energy Grid,78.16,5,active,"{""layer"": ""Energy Grid"", ""capacity"": 78.16, ""travel_time"": 5, ""status"": ""active""}"
POWER_001,HOSP_019,Energy Grid,115.42,3,active,"{""layer"": ""Energy Grid"", ""capacity"": 115.42, ""travel_time"": 3, ""status"": ""active""}"
POWER_001,MAG_010,Energy Grid,111.33,4,active,"{""layer"": ""Energy Grid"", ""capacity"": 111.33, ""travel_time"": 4, ""status"": ""active""}"
POWER_001,DEPOT_005,Energy Grid,106.86,4,active,"{""layer"": ""Energy Grid"", ""capacity"": 106.86, ""travel_time"": 4, ""status"": ""active""}"
POWER_001,MAG_013,Energy Grid,83.06,4,active,"{""layer"": ""Energy Grid"", ""capacity"": 83.06, ""travel_time"": 4, ""status"": ""active""}"
POWER_001,DEPOT_008,Energy Grid,98.77,4,active,"{""layer"": ""Energy Grid"", ""capacity"": 98.77, ""travel_time"": 4, ""status"": ""active""}"
POWER_001,DATA_010,Energy Grid,90.72,3,active,"{""layer"": ""Energy Grid"", ""capacity"": 90.72, ""travel_time"": 3, ""status"": ""active""}"
POWER_001,DATA_004,Energy Grid,121.02,4,active,"{""layer"": ""Energy Grid"", ""capacity"": 121.02, ""travel_time"": 4, ""status"": ""active""}"
POWER_001,DATA_008,Energy Grid,64.06,6,active,"{""layer"": ""Energy Grid"", ""capacity"": 64.06, ""travel_time"": 6, ""status"": ""active""}"
POWER_001,WATER_011,Energy Grid,72.35,1,active,"{""layer"": ""Energy Grid"", ""capacity"": 72.35, ""travel_time"": 1, ""status"": ""active""}"
POWER_001,WATER_016,Energy Grid,53.2,7,active,"{""layer"": ""Energy Grid"", ""capacity"": 53.2, ""travel_time"": 7, ""status"": ""active""}"
POWER_001,WATER_015,Energy Grid,77.39,6,active,"{""layer"": ""Energy Grid"", ""capacity"": 77.39, ""travel_time"": 6, ""status"": ""active""}"
POWER_001,WATER_013,Energy Grid,50.21,6,active,"{""layer"": ""Energy Grid"", ""capacity"": 50.21, ""travel_time"": 6, ""status"": ""active""}"
POWER_002,HOSP_002,Energy Grid,42.17,4,active,"{""layer"": ""Energy Grid"", ""capacity"": 42.17, ""travel_time"": 4, ""status"": ""active""}"
POWER_002,HOSP_030,Energy Grid,91.42,2,active,"{""layer"": ""Energy Grid"", ""capacity"": 91.42, ""travel_time"": 2, ""status"": ""active""}"
POWER_002,HOSP_013,Energy Grid,50.86,2,active,"{""layer"": ""Energy Grid"", ""capacity"": 50.86, ""travel_time"": 2, ""status"": ""active""}"
POWER_002,HOSP_019,Energy Grid,76.94,1,active,"{""layer"": ""Energy Grid"", ""capacity"": 76.94, ""travel_time"": 1, ""status"": ""active""}"
POWER_002,HOSP_029,Energy Grid,44.02,2,active,"{""layer"": ""Energy Grid"", ""capacity"": 44.02, ""travel_time"": 2, ""status"": ""active""}"
POWER_002,HOSP_022,Energy Grid,70.33,5,active,"{""layer"": ""Energy Grid"", ""capacity"": 70.33, ""travel_time"": 5, ""status"": ""active""}"
POWER_002,MAG_007,Energy Grid,110.37,2,active,"{""layer"": ""Energy Grid"", ""capacity"": 110.37, ""travel_time"": 2, ""status"": ""active""}"
POWER_002,MAG_015,Energy Grid,62.26,2,active,"{""layer"": ""Energy Grid"", ""capacity"": 62.26, ""travel_time"": 2, ""status"": ""active""}"
POWER_002,MAG_011,Energy Grid,116.1,1,active,"{""layer"": ""Energy Grid"", ""capacity"": 116.1, ""travel_time"": 1, ""status"": ""active""}"
POWER_002,DEPOT_005,Energy Grid,73.73,3,active,"{""layer"": ""Energy Grid"", ""capacity"": 73.73, ""travel_time"": 3, ""status"": ""active""}"
POWER_002,DATA_002,Energy Grid,164.86,3,active,"{""layer"": ""Energy Grid"", ""capacity"": 164.86, ""travel_time"": 3, ""status"": ""active""}"
POWER_002,DATA_008,Energy Grid,67.29,4,active,"{""layer"": ""Energy Grid"", ""capacity"": 67.29, ""travel_time"": 4, ""status"": ""active""}"
POWER_002,DATA_001,Energy Grid,193.27,5,active,"{""layer"": ""Energy Grid"", ""capacity"": 193.27, ""travel_time"": 5, ""status"": ""active""}"
POWER_002,WATER_008,Energy Grid,116.58,4,active,"{""layer"": ""Energy Grid"", ""capacity"": 116.58, ""travel_time"": 4, ""status"": ""active""}"
POWER_002,WATER_011,Energy Grid,43.22,2,active,"{""layer"": ""Energy Grid"", ""capacity"": 43.22, ""travel_time"": 2, ""status"": ""active""}"
POWER_002,WATER_002,Energy Grid,42.48,2,active,"{""layer"": ""Energy Grid"", ""capacity"": 42.48, ""travel_time"": 2, ""status"": ""active""}"
POWER_002,WATER_013,Energy Grid,59.78,4,active,"{""layer"": ""Energy Grid"", ""capacity"": 59.78, ""travel_time"": 4, ""status"": ""active""}"
POWER_003,HOSP_002,Energy Grid,93.56,4,active,"{""layer"": ""Energy Grid"", ""capacity"": 93.56, ""travel_time"": 4, ""status"": ""active""}"
POWER_003,HOSP_020,Energy Grid,85.12,3,active,"{""layer"": ""Energy Grid"", ""capacity"": 85.12, ""travel_time"": 3, ""status"": ""active""}"
POWER_003,HOSP_005,Energy Grid,57.44,7,active,"{""layer"": ""Energy Grid"", ""capacity"": 57.44, ""travel_time"": 7, ""status"": ""active""}"
POWER_003,HOSP_008,Energy Grid,95.96,6,active,"{""layer"": ""Energy Grid"", ""capacity"": 95.96, ""travel_time"": 6, ""status"": ""active""}"
POWER_003,HOSP_030,Energy Grid,101.35,4,active,"{""layer"": ""Energy Grid"", ""capacity"": 101.35, ""travel_time"": 4, ""status"": ""active""}"
POWER_003,HOSP_016,Energy Grid,53.42,7,active,"{""layer"": ""Energy Grid"", ""capacity"": 53.42, ""travel_time"": 7, ""status"": ""active""}"
POWER_003,MAG_020,Energy Grid,102.22,7,active,"{""layer"": ""Energy Grid"", ""capacity"": 102.22, ""travel_time"": 7, ""status"": ""active""}"
POWER_003,DEPOT_004,Energy Grid,53.1,4,active,"{""layer"": ""Energy Grid"", ""capacity"": 53.1, ""travel_time"": 4, ""status"": ""active""}"
POWER_003,DEPOT_003,Energy Grid,64.88,4,active,"{""layer"": ""Energy Grid"", ""capacity"": 64.88, ""travel_time"": 4, ""status"": ""active""}"
POWER_003,MAG_004,Energy Grid,86.29,4,active,"{""layer"": ""Energy Grid"", ""capacity"": 86.29, ""travel_time"": 4, ""status"": ""active""}"
POWER_003,DATA_005,Energy Grid,115.53,2,active,"{""layer"": ""Energy Grid"", ""capacity"": 115.53, ""travel_time"": 2, ""status"": ""active""}"
POWER_003,DATA_010,Energy Grid,160.1,5,active,"{""layer"": ""Energy Grid"", ""capacity"": 160.1, ""travel_time"": 5, ""status"": ""active""}"
POWER_003,DATA_007,Energy Grid,70.64,3,active,"{""layer"": ""Energy Grid"", ""capacity"": 70.64, ""travel_time"": 3, ""status"": ""active""}"
POWER_003,WATER_008,Energy Grid,64.13,4,active,"{""layer"": ""Energy Grid"", ""capacity"": 64.13, ""travel_time"": 4, ""status"": ""active""}"
POWER_003,WATER_002,Energy Grid,94.74,3,active,"{""layer"": ""Energy Grid"", ""capacity"": 94.74, ""travel_time"": 3, ""status"": ""active""}"
POWER_003,WATER_012,Energy Grid,104.44,2,active,"{""layer"": ""Energy Grid"", ""capacity"": 104.44, ""travel_time"": 2, ""status"": ""active""}"
POWER_003,WATER_013,Energy Grid,103.7,2,active,"{""layer"": ""Energy Grid"", ""capacity"": 103.7, ""travel_time"": 2, ""status"": ""active""}"
POWER_004,HOSP_003,Energy Grid,45.52,6,active,"{""layer"": ""Energy Grid"", ""capacity"": 45.52, ""travel_time"": 6, ""status"": ""active""}"
POWER_004,HOSP_012,Energy Grid,91.8,4,active,"{""layer"": ""Energy Grid"", ""capacity"": 91.8, ""travel_time"": 4, ""status"": ""active""}"
POWER_004,HOSP_018,Energy Grid,41.01,4,active,"{""layer"": ""Energy Grid"", ""capacity"": 41.01, ""travel_time"": 4, ""status"": ""active""}"
POWER_004,HOSP_014,Energy Grid,73.6,6,active,"{""layer"": ""Energy Grid"", ""capacity"": 73.6, ""travel_time"": 6, ""status"": ""active""}"
POWER_004,HOSP_022,Energy Grid,79.22,4,active,"{""layer"": ""Energy Grid"", ""capacity"": 79.22, ""travel_time"": 4, ""status"": ""active""}"
POWER_004,HOSP_031,Energy Grid,74.68,2,active,"{""layer"": ""Energy Grid"", ""capacity"": 74.68, ""travel_time"": 2, ""status"": ""active""}"
POWER_004,MAG_012,Energy Grid,76.78,5,active,"{""layer"": ""Energy Grid"", ""capacity"": 76.78, ""travel_time"": 5, ""status"": ""active""}"
POWER_004,DEPOT_001,Energy Grid,52.24,2,active,"{""layer"": ""Energy Grid"", ""capacity"": 52.24, ""travel_time"": 2, ""status"": ""active""}"
POWER_004,DEPOT_009,Energy Grid,54.09,2,active,"{""layer"": ""Energy Grid"", ""capacity"": 54.09, ""travel_time"": 2, ""status"": ""active""}"
POWER_004,DEPOT_007,Energy Grid,81.74,1,active,"{""layer"": ""Energy Grid"", ""capacity"": 81.74, ""travel_time"": 1, ""status"": ""active""}"
POWER_004,DATA_011,Energy Grid,173.15,6,active,"{""layer"": ""Energy Grid"", ""capacity"": 173.15, ""travel_time"": 6, ""status"": ""active""}"
POWER_004,DATA_005,Energy Grid,135.34,5,active,"{""layer"": ""Energy Grid"", ""capacity"": 135.34, ""travel_time"": 5, ""status"": ""active""}"
POWER_004,DATA_010,Energy Grid,127.69,5,active,"{""layer"": ""Energy Grid"", ""capacity"": 127.69, ""travel_time"": 5, ""status"": ""active""}"
POWER_004,WATER_014,Energy Grid,61.47,7,active,"{""layer"": ""Energy Grid"", ""capacity"": 61.47, ""travel_time"": 7, ""status"": ""active""}"
POWER_004,WATER_016,Energy Grid,108.14,5,active,"{""layer"": ""Energy Grid"", ""capacity"": 108.14, ""travel_time"": 5, ""status"": ""active""}"
POWER_004,WATER_012,Energy Grid,106.46,5,active,"{""layer"": ""Energy Grid"", ""capacity"": 106.46, ""travel_time"": 5, ""status"": ""active""}"
POWER_004,WATER_010,Energy Grid,46.93,1,active,"{""layer"": ""Energy Grid"", ""capacity"": 46.93, ""travel_time"": 1, ""status"": ""active""}"
POWER_005,HOSP_029,Energy Grid,93.46,2,active,"{""layer"": ""Energy Grid"", ""capacity"": 93.46, ""travel_time"": 2, ""status"": ""active""}"
POWER_005,HOSP_008,Energy Grid,66.91,4,active,"{""layer"": ""Energy Grid"", ""capacity"": 66.91, ""travel_time"": 4, ""status"": ""active""}"
POWER_005,HOSP_025,Energy Grid,79.54,1,active,"{""layer"": ""Energy Grid"", ""capacity"": 79.54, ""travel_time"": 1, ""status"": ""active""}"
POWER_005,HOSP_015,Energy Grid,66.0,5,active,"{""layer"": ""Energy Grid"", ""capacity"": 66.0, ""travel_time"": 5, ""status"": ""active""}"
POWER_005,HOSP_019,Energy Grid,79.0,3,active,"{""layer"": ""Energy Grid"", ""capacity"": 79.0, ""travel_time"": 3, ""status"": ""active""}"
POWER_005,HOSP_020,Energy Grid,68.39,1,active,"{""layer"": ""Energy Grid"", ""capacity"": 68.39, ""travel_time"": 1, ""status"": ""active""}"
POWER_005,MAG_009,Energy Grid,96.09,3,active,"{""layer"": ""Energy Grid"", ""capacity"": 96.09, ""travel_time"": 3, ""status"": ""active""}"
POWER_005,MAG_011,Energy Grid,62.1,4,active,"{""layer"": ""Energy Grid"", ""capacity"": 62.1, ""travel_time"": 4, ""status"": ""active""}"
POWER_005,DEPOT_009,Energy Grid,40.81,3,active,"{""layer"": ""Energy Grid"", ""capacity"": 40.81, ""travel_time"": 3, ""status"": ""active""}"
POWER_005,MAG_020,Energy Grid,115.85,5,active,"{""layer"": ""Energy Grid"", ""capacity"": 115.85, ""travel_time"": 5, ""status"": ""active""}"
POWER_005,DATA_002,Energy Grid,128.4,1,active,"{""layer"": ""Energy Grid"", ""capacity"": 128.4, ""travel_time"": 1, ""status"": ""active""}"
POWER_005,DATA_004,Energy Grid,166.14,3,active,"{""layer"": ""Energy Grid"", ""capacity"": 166.14, ""travel_time"": 3, ""status"": ""active""}"
POWER_005,DATA_007,Energy Grid,156.69,4,active,"{""layer"": ""Energy Grid"", ""capacity"": 156.69, ""travel_time"": 4, ""status"": ""active""}"
POWER_005,WATER_016,Energy Grid,47.44,3,active,"{""layer"": ""Energy Grid"", ""capacity"": 47.44, ""travel_time"": 3, ""status"": ""active""}"
POWER_005,WATER_008,Energy Grid,57.73,4,active,"{""layer"": ""Energy Grid"", ""capacity"": 57.73, ""travel_time"": 4, ""status"": ""active""}"
POWER_005,WATER_013,Energy Grid,95.34,1,active,"{""layer"": ""Energy Grid"", ""capacity"": 95.34, ""travel_time"": 1, ""status"": ""active""}"
POWER_005,WATER_001,Energy Grid,64.5,4,active,"{""layer"": ""Energy Grid"", ""capacity"": 64.5, ""travel_time"": 4, ""status"": ""active""}"
POWER_006,HOSP_024,Energy Grid,119.73,1,active,"{""layer"": ""Energy Grid"", ""capacity"": 119.73, ""travel_time"": 1, ""status"": ""active""}"
POWER_006,HOSP_016,Energy Grid,84.03,3,active,"{""layer"": ""Energy Grid"", ""capacity"": 84.03, ""travel_time"": 3, ""status"": ""active""}"
POWER_006,HOSP_018,Energy Grid,68.14,1,active,"{""layer"": ""Energy Grid"", ""capacity"": 68.14, ""travel_time"": 1, ""status"": ""active""}"
POWER_006,HOSP_017,Energy Grid,76.3,4,active,"{""layer"": ""Energy Grid"", ""capacity"": 76.3, ""travel_time"": 4, ""status"": ""active""}"
POWER_006,HOSP_012,Energy Grid,64.53,2,active,"{""layer"": ""Energy Grid"", ""capacity"": 64.53, ""travel_time"": 2, ""status"": ""active""}"
POWER_006,HOSP_014,Energy Grid,58.44,2,active,"{""layer"": ""Energy Grid"", ""capacity"": 58.44, ""travel_time"": 2, ""status"": ""active""}"
POWER_006,DEPOT_004,Energy Grid,99.43,5,active,"{""layer"": ""Energy Grid"", ""capacity"": 99.43, ""travel_time"": 5, ""status"": ""active""}"
POWER_006,MAG_007,Energy Grid,116.07,3,active,"{""layer"": ""Energy Grid"", ""capacity"": 116.07, ""travel_time"": 3, ""status"": ""active""}"
POWER_006,MAG_011,Energy Grid,95.21,2,active,"{""layer"": ""Energy Grid"", ""capacity"": 95.21, ""travel_time"": 2, ""status"": ""active""}"
POWER_006,MAG_004,Energy Grid,55.32,3,active,"{""layer"": ""Energy Grid"", ""capacity"": 55.32, ""travel_time"": 3, ""status"": ""active""}"
POWER_006,DATA_012,Energy Grid,161.44,2,active,"{""layer"": ""Energy Grid"", ""capacity"": 161.44, ""travel_time"": 2, ""status"": ""active""}"
POWER_006,DATA_008,Energy Grid,196.72,3,active,"{""layer"": ""Energy Grid"", ""capacity"": 196.72, ""travel_time"": 3, ""status"": ""active""}"
POWER_006,DATA_005,Energy Grid,133.45,2,active,"{""layer"": ""Energy Grid"", ""capacity"": 133.45, ""travel_time"": 2, ""status"": ""active""}"
POWER_006,WATER_010,Energy Grid,63.7,4,active,"{""layer"": ""Energy Grid"", ""capacity"": 63.7, ""travel_time"": 4, ""status"": ""active""}"
POWER_006,WATER_002,Energy Grid,68.87,2,active,"{""layer"": ""Energy Grid"", ""capacity"": 68.87, ""travel_time"": 2, ""status"": ""active""}"
POWER_006,WATER_014,Energy Grid,64.18,2,active,"{""layer"": ""Energy Grid"", ""capacity"": 64.18, ""travel_time"": 2, ""status"": ""active""}"
POWER_006,WATER_004,Energy Grid,96.64,2,active,"{""layer"": ""Energy Grid"", ""capacity"": 96.64, ""travel_time"": 2, ""status"": ""active""}"
POWER_007,HOSP_009,Energy Grid,95.79,4,active,"{""layer"": ""Energy Grid"", ""capacity"": 95.79, ""travel_time"": 4, ""status"": ""active""}"
POWER_007,HOSP_032,Energy Grid,50.1,3,active,"{""layer"": ""Energy Grid"", ""capacity"": 50.1, ""travel_time"": 3, ""status"": ""active""}"
POWER_007,HOSP_002,Energy Grid,109.48,5,active,"{""layer"": ""Energy Grid"", ""capacity"": 109.48, ""travel_time"": 5, ""status"": ""active""}"
POWER_007,HOSP_030,Energy Grid,79.27,2,active,"{""layer"": ""Energy Grid"", ""capacity"": 79.27, ""travel_time"": 2, ""status"": ""active""}"
POWER_007,HOSP_018,Energy Grid,109.82,2,active,"{""layer"": ""Energy Grid"", ""capacity"": 109.82, ""travel_time"": 2, ""status"": ""active""}"
POWER_007,HOSP_010,Energy Grid,85.93,2,active,"{""layer"": ""Energy Grid"", ""capacity"": 85.93, ""travel_time"": 2, ""status"": ""active""}"
POWER_007,MAG_016,Energy Grid,117.24,2,active,"{""layer"": ""Energy Grid"", ""capacity"": 117.24, ""travel_time"": 2, ""status"": ""active""}"
POWER_007,MAG_015,Energy Grid,60.2,2,active,"{""layer"": ""Energy Grid"", ""capacity"": 60.2, ""travel_time"": 2, ""status"": ""active""}"
POWER_007,MAG_011,Energy Grid,108.94,2,active,"{""layer"": ""Energy Grid"", ""capacity"": 108.94, ""travel_time"": 2, ""status"": ""active""}"
POWER_007,MAG_006,Energy Grid,49.13,2,active,"{""layer"": ""Energy Grid"", ""capacity"": 49.13, ""travel_time"": 2, ""status"": ""active""}"
POWER_007,DATA_002,Energy Grid,70.37,3,active,"{""layer"": ""Energy Grid"", ""capacity"": 70.37, ""travel_time"": 3, ""status"": ""active""}"
POWER_007,DATA_007,Energy Grid,148.12,5,active,"{""layer"": ""Energy Grid"", ""capacity"": 148.12, ""travel_time"": 5, ""status"": ""active""}"
POWER_007,DATA_008,Energy Grid,67.51,5,active,"{""layer"": ""Energy Grid"", ""capacity"": 67.51, ""travel_time"": 5, ""status"": ""active""}"
POWER_007,WATER_005,Energy Grid,46.81,3,active,"{""layer"": ""Energy Grid"", ""capacity"": 46.81, ""travel_time"": 3, ""status"": ""active""}"
POWER_007,WATER_013,Energy Grid,59.86,4,active,"{""layer"": ""Energy Grid"", ""capacity"": 59.86, ""travel_time"": 4, ""status"": ""active""}"
POWER_007,WATER_010,Energy Grid,84.65,3,active,"{""layer"": ""Energy Grid"", ""capacity"": 84.65, ""travel_time"": 3, ""status"": ""active""}"
POWER_007,WATER_016,Energy Grid,73.29,6,active,"{""layer"": ""Energy Grid"", ""capacity"": 73.29, ""travel_time"": 6, ""status"": ""active""}"
POWER_008,HOSP_015,Energy Grid,63.79,3,active,"{""layer"": ""Energy Grid"", ""capacity"": 63.79, ""travel_time"": 3, ""status"": ""active""}"
POWER_008,HOSP_025,Energy Grid,87.08,3,active,"{""layer"": ""Energy Grid"", ""capacity"": 87.08, ""travel_time"": 3, ""status"": ""active""}"
POWER_008,HOSP_017,Energy Grid,74.31,3,active,"{""layer"": ""Energy Grid"", ""capacity"": 74.31, ""travel_time"": 3, ""status"": ""active""}"
POWER_008,HOSP_013,Energy Grid,85.49,3,active,"{""layer"": ""Energy Grid"", ""capacity"": 85.49, ""travel_time"": 3, ""status"": ""active""}"
POWER_008,HOSP_032,Energy Grid,44.82,3,active,"{""layer"": ""Energy Grid"", ""capacity"": 44.82, ""travel_time"": 3, ""status"": ""active""}"
POWER_008,HOSP_028,Energy Grid,116.81,4,active,"{""layer"": ""Energy Grid"", ""capacity"": 116.81, ""travel_time"": 4, ""status"": ""active""}"
POWER_008,MAG_004,Energy Grid,56.88,1,active,"{""layer"": ""Energy Grid"", ""capacity"": 56.88, ""travel_time"": 1, ""status"": ""active""}"
POWER_008,DEPOT_005,Energy Grid,92.83,2,active,"{""layer"": ""Energy Grid"", ""capacity"": 92.83, ""travel_time"": 2, ""status"": ""active""}"
POWER_008,MAG_007,Energy Grid,52.56,1,active,"{""layer"": ""Energy Grid"", ""capacity"": 52.56, ""travel_time"": 1, ""status"": ""active""}"
POWER_008,DEPOT_001,Energy Grid,53.91,2,active,"{""layer"": ""Energy Grid"", ""capacity"": 53.91, ""travel_time"": 2, ""status"": ""active""}"
POWER_008,DATA_002,Energy Grid,117.19,2,active,"{""layer"": ""Energy Grid"", ""capacity"": 117.19, ""travel_time"": 2, ""status"": ""active""}"
POWER_008,DATA_003,Energy Grid,156.51,4,active,"{""layer"": ""Energy Grid"", ""capacity"": 156.51, ""travel_time"": 4, ""status"": ""active""}"
POWER_008,DATA_001,Energy Grid,125.79,4,active,"{""layer"": ""Energy Grid"", ""capacity"": 125.79, ""travel_time"": 4, ""status"": ""active""}"
POWER_008,WATER_002,Energy Grid,62.62,2,active,"{""layer"": ""Energy Grid"", ""capacity"": 62.62, ""travel_time"": 2, ""status"": ""active""}"
POWER_008,WATER_004,Energy Grid,108.77,5,active,"{""layer"": ""Energy Grid"", ""capacity"": 108.77, ""travel_time"": 5, ""status"": ""active""}"
POWER_008,WATER_005,Energy Grid,45.69,3,active,"{""layer"": ""Energy Grid"", ""capacity"": 45.69, ""travel_time"": 3, ""status"": ""active""}"
POWER_008,WATER_012,Energy Grid,58.67,4,active,"{""layer"": ""Energy Grid"", ""capacity"": 58.67, ""travel_time"": 4, ""status"": ""active""}"
POWER_009,HOSP_017,Energy Grid,104.31,6,active,"{""layer"": ""Energy Grid"", ""capacity"": 104.31, ""travel_time"": 6, ""status"": ""active""}"
POWER_009,HOSP_026,Energy Grid,55.83,5,active,"{""layer"": ""Energy Grid"", ""capacity"": 55.83, ""travel_time"": 5, ""status"": ""active""}"
POWER_009,HOSP_031,Energy Grid,49.18,6,active,"{""layer"": ""Energy Grid"", ""capacity"": 49.18, ""travel_time"": 6, ""status"": ""active""}"
POWER_009,HOSP_021,Energy Grid,57.98,4,active,"{""layer"": ""Energy Grid"", ""capacity"": 57.98, ""travel_time"": 4, ""status"": ""active""}"
POWER_009,HOSP_019,Energy Grid,51.92,4,active,"{""layer"": ""Energy Grid"", ""capacity"": 51.92, ""travel_time"": 4, ""status"": ""active""}"
POWER_009,HOSP_022,Energy Grid,61.25,5,active,"{""layer"": ""Energy Grid"", ""capacity"": 61.25, ""travel_time"": 5, ""status"": ""active""}"
POWER_009,MAG_005,Energy Grid,103.41,3,active,"{""layer"": ""Energy Grid"", ""capacity"": 103.41, ""travel_time"": 3, ""status"": ""active""}"
POWER_009,MAG_003,Energy Grid,87.6,6,active,"{""layer"": ""Energy Grid"", ""capacity"": 87.6, ""travel_time"": 6, ""status"": ""active""}"
POWER_009,MAG_002,Energy Grid,105.94,4,active,"{""layer"": ""Energy Grid"", ""capacity"": 105.94, ""travel_time"": 4, ""status"": ""active""}"
POWER_009,MAG_006,Energy Grid,113.7,4,active,"{""layer"": ""Energy Grid"", ""capacity"": 113.7, ""travel_time"": 4, ""status"": ""active""}"
POWER_009,DATA_008,Energy Grid,156.41,1,active,"{""layer"": ""Energy Grid"", ""capacity"": 156.41, ""travel_time"": 1, ""status"": ""active""}"
POWER_009,DATA_002,Energy Grid,157.96,5,active,"{""layer"": ""Energy Grid"", ""capacity"": 157.96, ""travel_time"": 5, ""status"": ""active""}"
POWER_009,DATA_012,Energy Grid,191.97,3,active,"{""layer"": ""Energy Grid"", ""capacity"": 191.97, ""travel_time"": 3, ""status"": ""active""}"
POWER_009,WATER_016,Energy Grid,43.19,5,active,"{""layer"": ""Energy Grid"", ""capacity"": 43.19, ""travel_time"": 5, ""status"": ""active""}"
POWER_009,WATER_008,Energy Grid,74.56,1,active,"{""layer"": ""Energy Grid"", ""capacity"": 74.56, ""travel_time"": 1, ""status"": ""active""}"
POWER_009,WATER_002,Energy Grid,65.79,4,active,"{""layer"": ""Energy Grid"", ""capacity"": 65.79, ""travel_time"": 4, ""status"": ""active""}"
POWER_009,WATER_010,Energy Grid,60.03,6,active,"{""layer"": ""Energy Grid"", ""capacity"": 60.03, ""travel_time"": 6, ""status"": ""active""}"
POWER_010,HOSP_006,Energy Grid,86.97,5,active,"{""layer"": ""Energy Grid"", ""capacity"": 86.97, ""travel_time"": 5, ""status"": ""active""}"
POWER_010,HOSP_008,Energy Grid,41.66,3,active,"{""layer"": ""Energy Grid"", ""capacity"": 41.66, ""travel_time"": 3, ""status"": ""active""}"
POWER_010,HOSP_022,Energy Grid,101.18,5,active,"{""layer"": ""Energy Grid"", ""capacity"": 101.18, ""travel_time"": 5, ""status"": ""active""}"
POWER_010,HOSP_027,Energy Grid,105.71,2,active,"{""layer"": ""Energy Grid"", ""capacity"": 105.71, ""travel_time"": 2, ""status"": ""active""}"
POWER_010,HOSP_028,Energy Grid,86.1,5,active,"{""layer"": ""Energy Grid"", ""capacity"": 86.1, ""travel_time"": 5, ""status"": ""active""}"
POWER_010,HOSP_019,Energy Grid,101.05,2,active,"{""layer"": ""Energy Grid"", ""capacity"": 101.05, ""travel_time"": 2, ""status"": ""active""}"
POWER_010,MAG_006,Energy Grid,75.38,3,active,"{""layer"": ""Energy Grid"", ""capacity"": 75.38, ""travel_time"": 3, ""status"": ""active""}"
POWER_010,MAG_016,Energy Grid,62.25,1,active,"{""layer"": ""Energy Grid"", ""capacity"": 62.25, ""travel_time"": 1, ""status"": ""active""}"
POWER_010,MAG_017,Energy Grid,119.76,4,active,"{""layer"": ""Energy Grid"", ""capacity"": 119.76, ""travel_time"": 4, ""status"": ""active""}"
POWER_010,DEPOT_001,Energy Grid,74.87,2,active,"{""layer"": ""Energy Grid"", ""capacity"": 74.87, ""travel_time"": 2, ""status"": ""active""}"
POWER_010,DATA_008,Energy Grid,108.71,6,active,"{""layer"": ""Energy Grid"", ""capacity"": 108.71, ""travel_time"": 6, ""status"": ""active""}"
POWER_010,DATA_002,Energy Grid,106.66,3,active,"{""layer"": ""Energy Grid"", ""capacity"": 106.66, ""travel_time"": 3, ""status"": ""active""}"
POWER_010,DATA_012,Energy Grid,153.82,4,active,"{""layer"": ""Energy Grid"", ""capacity"": 153.82, ""travel_time"": 4, ""status"": ""active""}"
POWER_010,WATER_006,Energy Grid,79.64,4,active,"{""layer"": ""Energy Grid"", ""capacity"": 79.64, ""travel_time"": 4, ""status"": ""active""}"
POWER_010,WATER_016,Energy Grid,93.01,5,active,"{""layer"": ""Energy Grid"", ""capacity"": 93.01, ""travel_time"": 5, ""status"": ""active""}"
POWER_010,WATER_007,Energy Grid,72.04,1,active,"{""layer"": ""Energy Grid"", ""capacity"": 72.04, ""travel_time"": 1, ""status"": ""active""}"
POWER_010,WATER_012,Energy Grid,100.84,5,active,"{""layer"": ""Energy Grid"", ""capacity"": 100.84, ""travel_time"": 5, ""status"": ""active""}"
POWER_011,HOSP_003,Energy Grid,49.27,6,active,"{""layer"": ""Energy Grid"", ""capacity"": 49.27, ""travel_time"": 6, ""status"": ""active""}"
POWER_011,HOSP_015,Energy Grid,101.8,6,active,"{""layer"": ""Energy Grid"", ""capacity"": 101.8, ""travel_time"": 6, ""status"": ""active""}"
POWER_011,HOSP_032,Energy Grid,109.19,6,active,"{""layer"": ""Energy Grid"", ""capacity"": 109.19, ""travel_time"": 6, ""status"": ""active""}"
POWER_011,HOSP_011,Energy Grid,105.99,7,active,"{""layer"": ""Energy Grid"", ""capacity"": 105.99, ""travel_time"": 7, ""status"": ""active""}"
POWER_011,HOSP_009,Energy Grid,40.09,1,active,"{""layer"": ""Energy Grid"", ""capacity"": 40.09, ""travel_time"": 1, ""status"": ""active""}"
POWER_011,HOSP_029,Energy Grid,109.55,2,active,"{""layer"": ""Energy Grid"", ""capacity"": 109.55, ""travel_time"": 2, ""status"": ""active""}"
POWER_011,MAG_015,Energy Grid,81.48,5,active,"{""layer"": ""Energy Grid"", ""capacity"": 81.48, ""travel_time"": 5, ""status"": ""active""}"
POWER_011,MAG_014,Energy Grid,89.81,2,active,"{""layer"": ""Energy Grid"", ""capacity"": 89.81, ""travel_time"": 2, ""status"": ""active""}"
POWER_011,MAG_002,Energy Grid,79.88,3,active,"{""layer"": ""Energy Grid"", ""capacity"": 79.88, ""travel_time"": 3, ""status"": ""active""}"
POWER_011,MAG_007,Energy Grid,75.36,3,active,"{""layer"": ""Energy Grid"", ""capacity"": 75.36, ""travel_time"": 3, ""status"": ""active""}"
POWER_011,DATA_001,Energy Grid,136.89,3,active,"{""layer"": ""Energy Grid"", ""capacity"": 136.89, ""travel_time"": 3, ""status"": ""active""}"
POWER_011,DATA_004,Energy Grid,189.87,2,active,"{""layer"": ""Energy Grid"", ""capacity"": 189.87, ""travel_time"": 2, ""status"": ""active""}"
POWER_011,DATA_005,Energy Grid,121.34,5,active,"{""layer"": ""Energy Grid"", ""capacity"": 121.34, ""travel_time"": 5, ""status"": ""active""}"
POWER_011,WATER_016,Energy Grid,88.71,4,active,"{""layer"": ""Energy Grid"", ""capacity"": 88.71, ""travel_time"": 4, ""status"": ""active""}"
POWER_011,WATER_002,Energy Grid,59.14,3,active,"{""layer"": ""Energy Grid"", ""capacity"": 59.14, ""travel_time"": 3, ""status"": ""active""}"
POWER_011,WATER_001,Energy Grid,52.67,5,active,"{""layer"": ""Energy Grid"", ""capacity"": 52.67, ""travel_time"": 5, ""status"": ""active""}"
POWER_011,WATER_011,Energy Grid,84.07,5,active,"{""layer"": ""Energy Grid"", ""capacity"": 84.07, ""travel_time"": 5, ""status"": ""active""}"
POWER_012,HOSP_027,Energy Grid,115.76,4,active,"{""layer"": ""Energy Grid"", ""capacity"": 115.76, ""travel_time"": 4, ""status"": ""active""}"
POWER_012,HOSP_003,Energy Grid,91.82,2,active,"{""layer"": ""Energy Grid"", ""capacity"": 91.82, ""travel_time"": 2, ""status"": ""active""}"
POWER_012,HOSP_008,Energy Grid,52.32,3,active,"{""layer"": ""Energy Grid"", ""capacity"": 52.32, ""travel_time"": 3, ""status"": ""active""}"
POWER_012,HOSP_032,Energy Grid,114.61,3,active,"{""layer"": ""Energy Grid"", ""capacity"": 114.61, ""travel_time"": 3, ""status"": ""active""}"
POWER_012,HOSP_004,Energy Grid,63.35,3,active,"{""layer"": ""Energy Grid"", ""capacity"": 63.35, ""travel_time"": 3, ""status"": ""active""}"
POWER_012,HOSP_015,Energy Grid,96.43,5,active,"{""layer"": ""Energy Grid"", ""capacity"": 96.43, ""travel_time"": 5, ""status"": ""active""}"
POWER_012,MAG_014,Energy Grid,76.54,5,active,"{""layer"": ""Energy Grid"", ""capacity"": 76.54, ""travel_time"": 5, ""status"": ""active""}"
POWER_012,DEPOT_007,Energy Grid,51.57,5,active,"{""layer"": ""Energy Grid"", ""capacity"": 51.57, ""travel_time"": 5, ""status"": ""active""}"
POWER_012,MAG_016,Energy Grid,55.25,5,active,"{""layer"": ""Energy Grid"", ""capacity"": 55.25, ""travel_time"": 5, ""status"": ""active""}"
POWER_012,MAG_008,Energy Grid,87.95,2,active,"{""layer"": ""Energy Grid"", ""capacity"": 87.95, ""travel_time"": 2, ""status"": ""active""}"
POWER_012,DATA_012,Energy Grid,98.67,1,active,"{""layer"": ""Energy Grid"", ""capacity"": 98.67, ""travel_time"": 1, ""status"": ""active""}"
POWER_012,DATA_003,Energy Grid,170.6,2,active,"{""layer"": ""Energy Grid"", ""capacity"": 170.6, ""travel_time"": 2, ""status"": ""active""}"
POWER_012,DATA_002,Energy Grid,118.09,4,active,"{""layer"": ""Energy Grid"", ""capacity"": 118.09, ""travel_time"": 4, ""status"": ""active""}"
POWER_012,WATER_009,Energy Grid,98.08,2,active,"{""layer"": ""Energy Grid"", ""capacity"": 98.08, ""travel_time"": 2, ""status"": ""active""}"
POWER_012,WATER_014,Energy Grid,107.0,2,active,"{""layer"": ""Energy Grid"", ""capacity"": 107.0, ""travel_time"": 2, ""status"": ""active""}"
POWER_012,WATER_001,Energy Grid,86.39,3,active,"{""layer"": ""Energy Grid"", ""capacity"": 86.39, ""travel_time"": 3, ""status"": ""active""}"
POWER_012,WATER_005,Energy Grid,92.8,2,active,"{""layer"": ""Energy Grid"", ""capacity"": 92.8, ""travel_time"": 2, ""status"": ""active""}"
WATER_001,POWER_003,Water Network,39.37,6,active,"{""layer"": ""Water Network"", ""capacity"": 39.37, ""travel_time"": 6, ""status"": ""active""}"
WATER_001,POWER_008,Water Network,33.3,2,active,"{""layer"": ""Water Network"", ""capacity"": 33.3, ""travel_time"": 2, ""status"": ""active""}"
WATER_001,POWER_009,Water Network,50.51,4,active,"{""layer"": ""Water Network"", ""capacity"": 50.51, ""travel_time"": 4, ""status"": ""active""}"
WATER_001,HOSP_025,Water Network,39.42,4,active,"{""layer"": ""Water Network"", ""capacity"": 39.42, ""travel_time"": 4, ""status"": ""active""}"
WATER_001,HOSP_030,Water Network,17.16,3,active,"{""layer"": ""Water Network"", ""capacity"": 17.16, ""travel_time"": 3, ""status"": ""active""}"
WATER_001,HOSP_021,Water Network,21.49,4,active,"{""layer"": ""Water Network"", ""capacity"": 21.49, ""travel_time"": 4, ""status"": ""active""}"
WATER_001,HOSP_013,Water Network,35.68,2,active,"{""layer"": ""Water Network"", ""capacity"": 35.68, ""travel_time"": 2, ""status"": ""active""}"
WATER_001,DATA_007,Water Network,15.0,5,active,"{""layer"": ""Water Network"", ""capacity"": 15.0, ""travel_time"": 5, ""status"": ""active""}"
WATER_001,DATA_001,Water Network,18.41,5,active,"{""layer"": ""Water Network"", ""capacity"": 18.41, ""travel_time"": 5, ""status"": ""active""}"
WATER_002,POWER_007,Water Network,39.81,3,active,"{""layer"": ""Water Network"", ""capacity"": 39.81, ""travel_time"": 3, ""status"": ""active""}"
WATER_002,POWER_012,Water Network,21.48,2,active,"{""layer"": ""Water Network"", ""capacity"": 21.48, ""travel_time"": 2, ""status"": ""active""}"
WATER_002,POWER_003,Water Network,40.09,3,active,"{""layer"": ""Water Network"", ""capacity"": 40.09, ""travel_time"": 3, ""status"": ""active""}"
WATER_002,HOSP_022,Water Network,10.46,3,active,"{""layer"": ""Water Network"", ""capacity"": 10.46, ""travel_time"": 3, ""status"": ""active""}"
WATER_002,HOSP_007,Water Network,14.32,2,active,"{""layer"": ""Water Network"", ""capacity"": 14.32, ""travel_time"": 2, ""status"": ""active""}"
WATER_002,HOSP_029,Water Network,36.13,2,active,"{""layer"": ""Water Network"", ""capacity"": 36.13, ""travel_time"": 2, ""status"": ""active""}"
WATER_002,HOSP_030,Water Network,39.1,1,active,"{""layer"": ""Water Network"", ""capacity"": 39.1, ""travel_time"": 1, ""status"": ""active""}"
WATER_002,DATA_002,Water Network,25.19,2,active,"{""layer"": ""Water Network"", ""capacity"": 25.19, ""travel_time"": 2, ""status"": ""active""}"
WATER_002,DATA_008,Water Network,13.83,4,active,"{""layer"": ""Water Network"", ""capacity"": 13.83, ""travel_time"": 4, ""status"": ""active""}"
WATER_003,POWER_010,Water Network,54.07,2,active,"{""layer"": ""Water Network"", ""capacity"": 54.07, ""travel_time"": 2, ""status"": ""active""}"
WATER_003,POWER_007,Water Network,54.09,4,active,"{""layer"": ""Water Network"", ""capacity"": 54.09, ""travel_time"": 4, ""status"": ""active""}"
WATER_003,POWER_002,Water Network,54.37,4,active,"{""layer"": ""Water Network"", ""capacity"": 54.37, ""travel_time"": 4, ""status"": ""active""}"
WATER_003,HOSP_025,Water Network,28.52,5,active,"{""layer"": ""Water Network"", ""capacity"": 28.52, ""travel_time"": 5, ""status"": ""active""}"
WATER_003,HOSP_021,Water Network,17.04,4,active,"{""layer"": ""Water Network"", ""capacity"": 17.04, ""travel_time"": 4, ""status"": ""active""}"
WATER_003,HOSP_032,Water Network,30.53,6,active,"{""layer"": ""Water Network"", ""capacity"": 30.53, ""travel_time"": 6, ""status"": ""active""}"
WATER_003,HOSP_003,Water Network,18.62,7,active,"{""layer"": ""Water Network"", ""capacity"": 18.62, ""travel_time"": 7, ""status"": ""active""}"
WATER_003,DATA_004,Water Network,17.55,1,active,"{""layer"": ""Water Network"", ""capacity"": 17.55, ""travel_time"": 1, ""status"": ""active""}"
WATER_003,DATA_002,Water Network,10.17,3,active,"{""layer"": ""Water Network"", ""capacity"": 10.17, ""travel_time"": 3, ""status"": ""active""}"
WATER_004,POWER_011,Water Network,26.65,7,active,"{""layer"": ""Water Network"", ""capacity"": 26.65, ""travel_time"": 7, ""status"": ""active""}"
WATER_004,POWER_002,Water Network,31.98,4,active,"{""layer"": ""Water Network"", ""capacity"": 31.98, ""travel_time"": 4, ""status"": ""active""}"
WATER_004,POWER_008,Water Network,21.16,5,active,"{""layer"": ""Water Network"", ""capacity"": 21.16, ""travel_time"": 5, ""status"": ""active""}"
WATER_004,HOSP_021,Water Network,21.25,4,active,"{""layer"": ""Water Network"", ""capacity"": 21.25, ""travel_time"": 4, ""status"": ""active""}"
WATER_004,HOSP_004,Water Network,14.37,4,active,"{""layer"": ""Water Network"", ""capacity"": 14.37, ""travel_time"": 4, ""status"": ""active""}"
WATER_004,HOSP_019,Water Network,25.93,4,active,"{""layer"": ""Water Network"", ""capacity"": 25.93, ""travel_time"": 4, ""status"": ""active""}"
WATER_004,HOSP_023,Water Network,26.98,3,active,"{""layer"": ""Water Network"", ""capacity"": 26.98, ""travel_time"": 3, ""status"": ""active""}"
WATER_004,DATA_003,Water Network,11.85,3,active,"{""layer"": ""Water Network"", ""capacity"": 11.85, ""travel_time"": 3, ""status"": ""active""}"
WATER_004,DATA_012,Water Network,21.41,3,active,"{""layer"": ""Water Network"", ""capacity"": 21.41, ""travel_time"": 3, ""status"": ""active""}"
WATER_005,POWER_007,Water Network,39.91,3,active,"{""layer"": ""Water Network"", ""capacity"": 39.91, ""travel_time"": 3, ""status"": ""active""}"
WATER_005,POWER_010,Water Network,43.33,4,active,"{""layer"": ""Water Network"", ""capacity"": 43.33, ""travel_time"": 4, ""status"": ""active""}"
WATER_005,POWER_004,Water Network,29.29,5,active,"{""layer"": ""Water Network"", ""capacity"": 29.29, ""travel_time"": 5, ""status"": ""active""}"
WATER_005,HOSP_017,Water Network,30.33,5,active,"{""layer"": ""Water Network"", ""capacity"": 30.33, ""travel_time"": 5, ""status"": ""active""}"
WATER_005,HOSP_030,Water Network,14.74,3,active,"{""layer"": ""Water Network"", ""capacity"": 14.74, ""travel_time"": 3, ""status"": ""active""}"
WATER_005,HOSP_001,Water Network,23.25,3,active,"{""layer"": ""Water Network"", ""capacity"": 23.25, ""travel_time"": 3, ""status"": ""active""}"
WATER_005,HOSP_019,Water Network,20.37,2,active,"{""layer"": ""Water Network"", ""capacity"": 20.37, ""travel_time"": 2, ""status"": ""active""}"
WATER_005,DATA_010,Water Network,22.06,1,active,"{""layer"": ""Water Network"", ""capacity"": 22.06, ""travel_time"": 1, ""status"": ""active""}"
WATER_005,DATA_005,Water Network,17.33,3,active,"{""layer"": ""Water Network"", ""capacity"": 17.33, ""travel_time"": 3, ""status"": ""active""}"
WATER_006,POWER_005,Water Network,27.97,1,active,"{""layer"": ""Water Network"", ""capacity"": 27.97, ""travel_time"": 1, ""status"": ""active""}"
WATER_006,POWER_008,Water Network,35.39,3,active,"{""layer"": ""Water Network"", ""capacity"": 35.39, ""travel_time"": 3, ""status"": ""active""}"
WATER_006,POWER_012,Water Network,39.33,3,active,"{""layer"": ""Water Network"", ""capacity"": 39.33, ""travel_time"": 3, ""status"": ""active""}"
WATER_006,HOSP_016,Water Network,39.78,6,active,"{""layer"": ""Water Network"", ""capacity"": 39.78, ""travel_time"": 6, ""status"": ""active""}"
WATER_006,HOSP_025,Water Network,18.86,2,active,"{""layer"": ""Water Network"", ""capacity"": 18.86, ""travel_time"": 2, ""status"": ""active""}"
WATER_006,HOSP_023,Water Network,39.34,3,active,"{""layer"": ""Water Network"", ""capacity"": 39.34, ""travel_time"": 3, ""status"": ""active""}"
WATER_006,HOSP_019,Water Network,29.75,3,active,"{""layer"": ""Water Network"", ""capacity"": 29.75, ""travel_time"": 3, ""status"": ""active""}"
WATER_006,DATA_005,Water Network,20.45,3,active,"{""layer"": ""Water Network"", ""capacity"": 20.45, ""travel_time"": 3, ""status"": ""active""}"
WATER_006,DATA_001,Water Network,23.09,2,active,"{""layer"": ""Water Network"", ""capacity"": 23.09, ""travel_time"": 2, ""status"": ""active""}"
WATER_007,POWER_012,Water Network,49.81,5,active,"{""layer"": ""Water Network"", ""capacity"": 49.81, ""travel_time"": 5, ""status"": ""active""}"
WATER_007,POWER_001,Water Network,53.31,3,active,"{""layer"": ""Water Network"", ""capacity"": 53.31, ""travel_time"": 3, ""status"": ""active""}"
WATER_007,POWER_010,Water Network,56.12,1,active,"{""layer"": ""Water Network"", ""capacity"": 56.12, ""travel_time"": 1, ""status"": ""active""}"
WATER_007,HOSP_015,Water Network,30.33,4,active,"{""layer"": ""Water Network"", ""capacity"": 30.33, ""travel_time"": 4, ""status"": ""active""}"
WATER_007,HOSP_023,Water Network,31.63,5,active,"{""layer"": ""Water Network"", ""capacity"": 31.63, ""travel_time"": 5, ""status"": ""active""}"
WATER_007,HOSP_013,Water Network,29.78,5,active,"{""layer"": ""Water Network"", ""capacity"": 29.78, ""travel_time"": 5, ""status"": ""active""}"
WATER_007,HOSP_017,Water Network,35.15,2,active,"{""layer"": ""Water Network"", ""capacity"": 35.15, ""travel_time"": 2, ""status"": ""active""}"
WATER_007,DATA_011,Water Network,27.87,5,active,"{""layer"": ""Water Network"", ""capacity"": 27.87, ""travel_time"": 5, ""status"": ""active""}"
WATER_007,DATA_002,Water Network,22.22,2,active,"{""layer"": ""Water Network"", ""capacity"": 22.22, ""travel_time"": 2, ""status"": ""active""}"
WATER_008,POWER_005,Water Network,43.18,4,active,"{""layer"": ""Water Network"", ""capacity"": 43.18, ""travel_time"": 4, ""status"": ""active""}"
WATER_008,POWER_008,Water Network,49.29,4,active,"{""layer"": ""Water Network"", ""capacity"": 49.29, ""travel_time"": 4, ""status"": ""active""}"
WATER_008,POWER_001,Water Network,23.61,5,active,"{""layer"": ""Water Network"", ""capacity"": 23.61, ""travel_time"": 5, ""status"": ""active""}"
WATER_008,HOSP_019,Water Network,16.02,4,active,"{""layer"": ""Water Network"", ""capacity"": 16.02, ""travel_time"": 4, ""status"": ""active""}"
WATER_008,HOSP_021,Water Network,33.6,4,active,"{""layer"": ""Water Network"", ""capacity"": 33.6, ""travel_time"": 4, ""status"": ""active""}"
WATER_008,HOSP_027,Water Network,36.29,5,active,"{""layer"": ""Water Network"", ""capacity"": 36.29, ""travel_time"": 5, ""status"": ""active""}"
WATER_008,HOSP_012,Water Network,20.98,4,active,"{""layer"": ""Water Network"", ""capacity"": 20.98, ""travel_time"": 4, ""status"": ""active""}"
WATER_008,DATA_009,Water Network,26.27,2,active,"{""layer"": ""Water Network"", ""capacity"": 26.27, ""travel_time"": 2, ""status"": ""active""}"
WATER_008,DATA_005,Water Network,13.65,2,active,"{""layer"": ""Water Network"", ""capacity"": 13.65, ""travel_time"": 2, ""status"": ""active""}"
WATER_009,POWER_008,Water Network,52.17,5,active,"{""layer"": ""Water Network"", ""capacity"": 52.17, ""travel_time"": 5, ""status"": ""active""}"
WATER_009,POWER_005,Water Network,38.73,4,active,"{""layer"": ""Water Network"", ""capacity"": 38.73, ""travel_time"": 4, ""status"": ""active""}"
WATER_009,POWER_006,Water Network,23.01,2,active,"{""layer"": ""Water Network"", ""capacity"": 23.01, ""travel_time"": 2, ""status"": ""active""}"
WATER_009,HOSP_015,Water Network,33.72,5,active,"{""layer"": ""Water Network"", ""capacity"": 33.72, ""travel_time"": 5, ""status"": ""active""}"
WATER_009,HOSP_026,Water Network,10.42,5,active,"{""layer"": ""Water Network"", ""capacity"": 10.42, ""travel_time"": 5, ""status"": ""active""}"
WATER_009,HOSP_024,Water Network,26.1,2,active,"{""layer"": ""Water Network"", ""capacity"": 26.1, ""travel_time"": 2, ""status"": ""active""}"
WATER_009,HOSP_006,Water Network,23.64,4,active,"{""layer"": ""Water Network"", ""capacity"": 23.64, ""travel_time"": 4, ""status"": ""active""}"
WATER_009,DATA_011,Water Network,13.77,2,active,"{""layer"": ""Water Network"", ""capacity"": 13.77, ""travel_time"": 2, ""status"": ""active""}"
WATER_009,DATA_012,Water Network,16.38,3,active,"{""layer"": ""Water Network"", ""capacity"": 16.38, ""travel_time"": 3, ""status"": ""active""}"
WATER_010,POWER_011,Water Network,46.99,2,active,"{""layer"": ""Water Network"", ""capacity"": 46.99, ""travel_time"": 2, ""status"": ""active""}"
WATER_010,POWER_006,Water Network,38.86,4,active,"{""layer"": ""Water Network"", ""capacity"": 38.86, ""travel_time"": 4, ""status"": ""active""}"
WATER_010,POWER_002,Water Network,44.78,3,active,"{""layer"": ""Water Network"", ""capacity"": 44.78, ""travel_time"": 3, ""status"": ""active""}"
WATER_010,HOSP_021,Water Network,37.28,3,active,"{""layer"": ""Water Network"", ""capacity"": 37.28, ""travel_time"": 3, ""status"": ""active""}"
WATER_010,HOSP_015,Water Network,19.07,5,active,"{""layer"": ""Water Network"", ""capacity"": 19.07, ""travel_time"": 5, ""status"": ""active""}"
WATER_010,HOSP_005,Water Network,22.25,4,active,"{""layer"": ""Water Network"", ""capacity"": 22.25, ""travel_time"": 4, ""status"": ""active""}"
WATER_010,HOSP_030,Water Network,14.19,2,active,"{""layer"": ""Water Network"", ""capacity"": 14.19, ""travel_time"": 2, ""status"": ""active""}"
WATER_010,DATA_001,Water Network,29.91,4,active,"{""layer"": ""Water Network"", ""capacity"": 29.91, ""travel_time"": 4, ""status"": ""active""}"
WATER_010,DATA_005,Water Network,10.55,4,active,"{""layer"": ""Water Network"", ""capacity"": 10.55, ""travel_time"": 4, ""status"": ""active""}"
WATER_011,POWER_004,Water Network,35.55,4,active,"{""layer"": ""Water Network"", ""capacity"": 35.55, ""travel_time"": 4, ""status"": ""active""}"
WATER_011,POWER_009,Water Network,34.84,5,active,"{""layer"": ""Water Network"", ""capacity"": 34.84, ""travel_time"": 5, ""status"": ""active""}"
WATER_011,POWER_003,Water Network,57.98,6,active,"{""layer"": ""Water Network"", ""capacity"": 57.98, ""travel_time"": 6, ""status"": ""active""}"
WATER_011,HOSP_027,Water Network,28.47,3,active,"{""layer"": ""Water Network"", ""capacity"": 28.47, ""travel_time"": 3, ""status"": ""active""}"
WATER_011,HOSP_010,Water Network,38.17,3,active,"{""layer"": ""Water Network"", ""capacity"": 38.17, ""travel_time"": 3, ""status"": ""active""}"
WATER_011,HOSP_007,Water Network,18.39,5,active,"{""layer"": ""Water Network"", ""capacity"": 18.39, ""travel_time"": 5, ""status"": ""active""}"
WATER_011,HOSP_032,Water Network,30.71,2,active,"{""layer"": ""Water Network"", ""capacity"": 30.71, ""travel_time"": 2, ""status"": ""active""}"
WATER_011,DATA_004,Water Network,17.78,3,active,"{""layer"": ""Water Network"", ""capacity"": 17.78, ""travel_time"": 3, ""status"": ""active""}"
WATER_011,DATA_008,Water Network,13.19,5,active,"{""layer"": ""Water Network"", ""capacity"": 13.19, ""travel_time"": 5, ""status"": ""active""}"
WATER_012,POWER_006,Water Network,41.78,3,active,"{""layer"": ""Water Network"", ""capacity"": 41.78, ""travel_time"": 3, ""status"": ""active""}"
WATER_012,POWER_002,Water Network,59.11,4,active,"{""layer"": ""Water Network"", ""capacity"": 59.11, ""travel_time"": 4, ""status"": ""active""}"
WATER_012,POWER_012,Water Network,34.35,2,active,"{""layer"": ""Water Network"", ""capacity"": 34.35, ""travel_time"": 2, ""status"": ""active""}"
WATER_012,HOSP_026,Water Network,38.47,5,active,"{""layer"": ""Water Network"", ""capacity"": 38.47, ""travel_time"": 5, ""status"": ""active""}"
WATER_012,HOSP_018,Water Network,34.73,4,active,"{""layer"": ""Water Network"", ""capacity"": 34.73, ""travel_time"": 4, ""status"": ""active""}"
WATER_012,HOSP_013,Water Network,12.75,5,active,"{""layer"": ""Water Network"", ""capacity"": 12.75, ""travel_time"": 5, ""status"": ""active""}"
WATER_012,HOSP_008,Water Network,16.36,4,active,"{""layer"": ""Water Network"", ""capacity"": 16.36, ""travel_time"": 4, ""status"": ""active""}"
WATER_012,DATA_011,Water Network,29.36,4,active,"{""layer"": ""Water Network"", ""capacity"": 29.36, ""travel_time"": 4, ""status"": ""active""}"
WATER_012,DATA_010,Water Network,9.11,4,active,"{""layer"": ""Water Network"", ""capacity"": 9.11, ""travel_time"": 4, ""status"": ""active""}"
WATER_013,POWER_006,Water Network,51.48,4,active,"{""layer"": ""Water Network"", ""capacity"": 51.48, ""travel_time"": 4, ""status"": ""active""}"
WATER_013,POWER_004,Water Network,28.21,3,active,"{""layer"": ""Water Network"", ""capacity"": 28.21, ""travel_time"": 3, ""status"": ""active""}"
WATER_013,POWER_003,Water Network,53.19,2,active,"{""layer"": ""Water Network"", ""capacity"": 53.19, ""travel_time"": 2, ""status"": ""active""}"
WATER_013,HOSP_014,Water Network,33.66,5,active,"{""layer"": ""Water Network"", ""capacity"": 33.66, ""travel_time"": 5, ""status"": ""active""}"
WATER_013,HOSP_015,Water Network,27.88,6,active,"{""layer"": ""Water Network"", ""capacity"": 27.88, ""travel_time"": 6, ""status"": ""active""}"
WATER_013,HOSP_022,Water Network,18.32,1,active,"{""layer"": ""Water Network"", ""capacity"": 18.32, ""travel_time"": 1, ""status"": ""active""}"
WATER_013,HOSP_010,Water Network,39.52,3,active,"{""layer"": ""Water Network"", ""capacity"": 39.52, ""travel_time"": 3, ""status"": ""active""}"
WATER_013,DATA_003,Water Network,13.51,3,active,"{""layer"": ""Water Network"", ""capacity"": 13.51, ""travel_time"": 3, ""status"": ""active""}"
WATER_013,DATA_009,Water Network,11.84,4,active,"{""layer"": ""Water Network"", ""capacity"": 11.84, ""travel_time"": 4, ""status"": ""active""}"
WATER_014,POWER_011,Water Network,20.59,7,active,"{""layer"": ""Water Network"", ""capacity"": 20.59, ""travel_time"": 7, ""status"": ""active""}"
WATER_014,POWER_001,Water Network,51.6,6,active,"{""layer"": ""Water Network"", ""capacity"": 51.6, ""travel_time"": 6, ""status"": ""active""}"
WATER_014,POWER_003,Water Network,29.52,5,active,"{""layer"": ""Water Network"", ""capacity"": 29.52, ""travel_time"": 5, ""status"": ""active""}"
WATER_014,HOSP_021,Water Network,11.57,4,active,"{""layer"": ""Water Network"", ""capacity"": 11.57, ""travel_time"": 4, ""status"": ""active""}"
WATER_014,HOSP_002,Water Network,32.25,1,active,"{""layer"": ""Water Network"", ""capacity"": 32.25, ""travel_time"": 1, ""status"": ""active""}"
WATER_014,HOSP_012,Water Network,25.78,4,active,"{""layer"": ""Water Network"", ""capacity"": 25.78, ""travel_time"": 4, ""status"": ""active""}"
WATER_014,HOSP_017,Water Network,32.37,6,active,"{""layer"": ""Water Network"", ""capacity"": 32.37, ""travel_time"": 6, ""status"": ""active""}"
WATER_014,DATA_008,Water Network,25.12,1,active,"{""layer"": ""Water Network"", ""capacity"": 25.12, ""travel_time"": 1, ""status"": ""active""}"
WATER_014,DATA_012,Water Network,19.29,3,active,"{""layer"": ""Water Network"", ""capacity"": 19.29, ""travel_time"": 3, ""status"": ""active""}"
WATER_015,POWER_002,Water Network,28.86,4,active,"{""layer"": ""Water Network"", ""capacity"": 28.86, ""travel_time"": 4, ""status"": ""active""}"
WATER_015,POWER_008,Water Network,44.6,5,active,"{""layer"": ""Water Network"", ""capacity"": 44.6, ""travel_time"": 5, ""status"": ""active""}"
WATER_015,POWER_009,Water Network,49.09,1,active,"{""layer"": ""Water Network"", ""capacity"": 49.09, ""travel_time"": 1, ""status"": ""active""}"
WATER_015,HOSP_020,Water Network,39.96,4,active,"{""layer"": ""Water Network"", ""capacity"": 39.96, ""travel_time"": 4, ""status"": ""active""}"
WATER_015,HOSP_030,Water Network,35.42,4,active,"{""layer"": ""Water Network"", ""capacity"": 35.42, ""travel_time"": 4, ""status"": ""active""}"
WATER_015,HOSP_002,Water Network,22.79,1,active,"{""layer"": ""Water Network"", ""capacity"": 22.79, ""travel_time"": 1, ""status"": ""active""}"
WATER_015,HOSP_004,Water Network,13.24,4,active,"{""layer"": ""Water Network"", ""capacity"": 13.24, ""travel_time"": 4, ""status"": ""active""}"
WATER_015,DATA_012,Water Network,9.62,3,active,"{""layer"": ""Water Network"", ""capacity"": 9.62, ""travel_time"": 3, ""status"": ""active""}"
WATER_015,DATA_008,Water Network,9.78,1,active,"{""layer"": ""Water Network"", ""capacity"": 9.78, ""travel_time"": 1, ""status"": ""active""}"
WATER_016,POWER_010,Water Network,25.05,5,active,"{""layer"": ""Water Network"", ""capacity"": 25.05, ""travel_time"": 5, ""status"": ""active""}"
WATER_016,POWER_003,Water Network,44.97,1,active,"{""layer"": ""Water Network"", ""capacity"": 44.97, ""travel_time"": 1, ""status"": ""active""}"
WATER_016,POWER_002,Water Network,43.41,5,active,"{""layer"": ""Water Network"", ""capacity"": 43.41, ""travel_time"": 5, ""status"": ""active""}"
WATER_016,HOSP_021,Water Network,25.17,3,active,"{""layer"": ""Water Network"", ""capacity"": 25.17, ""travel_time"": 3, ""status"": ""active""}"
WATER_016,HOSP_025,Water Network,22.91,3,active,"{""layer"": ""Water Network"", ""capacity"": 22.91, ""travel_time"": 3, ""status"": ""active""}"
WATER_016,HOSP_019,Water Network,33.79,5,active,"{""layer"": ""Water Network"", ""capacity"": 33.79, ""travel_time"": 5, ""status"": ""active""}"
WATER_016,HOSP_030,Water Network,13.43,4,active,"{""layer"": ""Water Network"", ""capacity"": 13.43, ""travel_time"": 4, ""status"": ""active""}"
WATER_016,DATA_011,Water Network,27.31,6,active,"{""layer"": ""Water Network"", ""capacity"": 27.31, ""travel_time"": 6, ""status"": ""active""}"
WATER_016,DATA_012,Water Network,20.13,3,active,"{""layer"": ""Water Network"", ""capacity"": 20.13, ""travel_time"": 3, ""status"": ""active""}"
MAG_001,HOSP_014,Road Network,11.21,1,active,"{""layer"": ""Road Network"", ""capacity"": 11.21, ""travel_time"": 1, ""status"": ""active""}"
MAG_001,HOSP_028,Road Network,17.41,2,active,"{""layer"": ""Road Network"", ""capacity"": 17.41, ""travel_time"": 2, ""status"": ""active""}"
MAG_001,HOSP_029,Road Network,10.98,4,active,"{""layer"": ""Road Network"", ""capacity"": 10.98, ""travel_time"": 4, ""status"": ""active""}"
MAG_001,HOSP_015,Road Network,15.94,4,active,"{""layer"": ""Road Network"", ""capacity"": 15.94, ""travel_time"": 4, ""status"": ""active""}"
MAG_002,HOSP_021,Road Network,19.3,1,active,"{""layer"": ""Road Network"", ""capacity"": 19.3, ""travel_time"": 1, ""status"": ""active""}"
MAG_002,HOSP_028,Road Network,15.3,3,active,"{""layer"": ""Road Network"", ""capacity"": 15.3, ""travel_time"": 3, ""status"": ""active""}"
MAG_002,HOSP_017,Road Network,12.11,3,active,"{""layer"": ""Road Network"", ""capacity"": 12.11, ""travel_time"": 3, ""status"": ""active""}"
MAG_002,HOSP_024,Road Network,6.37,3,active,"{""layer"": ""Road Network"", ""capacity"": 6.37, ""travel_time"": 3, ""status"": ""active""}"
MAG_003,HOSP_006,Road Network,17.18,3,active,"{""layer"": ""Road Network"", ""capacity"": 17.18, ""travel_time"": 3, ""status"": ""active""}"
MAG_003,HOSP_028,Road Network,13.35,5,active,"{""layer"": ""Road Network"", ""capacity"": 13.35, ""travel_time"": 5, ""status"": ""active""}"
MAG_003,HOSP_007,Road Network,13.8,3,active,"{""layer"": ""Road Network"", ""capacity"": 13.8, ""travel_time"": 3, ""status"": ""active""}"
MAG_003,HOSP_024,Road Network,13.42,5,active,"{""layer"": ""Road Network"", ""capacity"": 13.42, ""travel_time"": 5, ""status"": ""active""}"
MAG_004,HOSP_022,Road Network,18.1,4,active,"{""layer"": ""Road Network"", ""capacity"": 18.1, ""travel_time"": 4, ""status"": ""active""}"
MAG_004,HOSP_008,Road Network,19.12,3,active,"{""layer"": ""Road Network"", ""capacity"": 19.12, ""travel_time"": 3, ""status"": ""active""}"
MAG_004,HOSP_027,Road Network,11.34,1,active,"{""layer"": ""Road Network"", ""capacity"": 11.34, ""travel_time"": 1, ""status"": ""active""}"
MAG_004,HOSP_023,Road Network,18.74,4,active,"{""layer"": ""Road Network"", ""capacity"": 18.74, ""travel_time"": 4, ""status"": ""active""}"
MAG_005,HOSP_004,Road Network,6.55,2,active,"{""layer"": ""Road Network"", ""capacity"": 6.55, ""travel_time"": 2, ""status"": ""active""}"
MAG_005,HOSP_019,Road Network,12.61,2,active,"{""layer"": ""Road Network"", ""capacity"": 12.61, ""travel_time"": 2, ""status"": ""active""}"
MAG_005,HOSP_020,Road Network,7.32,2,active,"{""layer"": ""Road Network"", ""capacity"": 7.32, ""travel_time"": 2, ""status"": ""active""}"
MAG_005,HOSP_023,Road Network,12.23,3,active,"{""layer"": ""Road Network"", ""capacity"": 12.23, ""travel_time"": 3, ""status"": ""active""}"
MAG_006,HOSP_007,Road Network,16.44,2,active,"{""layer"": ""Road Network"", ""capacity"": 16.44, ""travel_time"": 2, ""status"": ""active""}"
MAG_006,HOSP_023,Road Network,13.61,3,active,"{""layer"": ""Road Network"", ""capacity"": 13.61, ""travel_time"": 3, ""status"": ""active""}"
MAG_006,HOSP_024,Road Network,17.11,3,active,"{""layer"": ""Road Network"", ""capacity"": 17.11, ""travel_time"": 3, ""status"": ""active""}"
MAG_006,HOSP_008,Road Network,17.68,3,active,"{""layer"": ""Road Network"", ""capacity"": 17.68, ""travel_time"": 3, ""status"": ""active""}"
MAG_007,HOSP_002,Road Network,18.82,5,active,"{""layer"": ""Road Network"", ""capacity"": 18.82, ""travel_time"": 5, ""status"": ""active""}"
MAG_007,HOSP_018,Road Network,10.27,2,active,"{""layer"": ""Road Network"", ""capacity"": 10.27, ""travel_time"": 2, ""status"": ""active""}"
MAG_007,HOSP_012,Road Network,7.72,2,active,"{""layer"": ""Road Network"", ""capacity"": 7.72, ""travel_time"": 2, ""status"": ""active""}"
MAG_007,HOSP_020,Road Network,7.15,2,active,"{""layer"": ""Road Network"", ""capacity"": 7.15, ""travel_time"": 2, ""status"": ""active""}"
MAG_008,HOSP_026,Road Network,6.38,5,active,"{""layer"": ""Road Network"", ""capacity"": 6.38, ""travel_time"": 5, ""status"": ""active""}"
MAG_008,HOSP_005,Road Network,12.96,5,active,"{""layer"": ""Road Network"", ""capacity"": 12.96, ""travel_time"": 5, ""status"": ""active""}"
MAG_008,HOSP_010,Road Network,10.64,5,active,"{""layer"": ""Road Network"", ""capacity"": 10.64, ""travel_time"": 5, ""status"": ""active""}"
MAG_008,HOSP_002,Road Network,11.8,1,active,"{""layer"": ""Road Network"", ""capacity"": 11.8, ""travel_time"": 1, ""status"": ""active""}"
MAG_009,HOSP_011,Road Network,16.65,7,active,"{""layer"": ""Road Network"", ""capacity"": 16.65, ""travel_time"": 7, ""status"": ""active""}"
MAG_009,HOSP_024,Road Network,13.51,5,active,"{""layer"": ""Road Network"", ""capacity"": 13.51, ""travel_time"": 5, ""status"": ""active""}"
MAG_009,HOSP_020,Road Network,6.27,3,active,"{""layer"": ""Road Network"", ""capacity"": 6.27, ""travel_time"": 3, ""status"": ""active""}"
MAG_009,HOSP_021,Road Network,5.79,3,active,"{""layer"": ""Road Network"", ""capacity"": 5.79, ""travel_time"": 3, ""status"": ""active""}"
MAG_010,HOSP_011,Road Network,11.65,3,active,"{""layer"": ""Road Network"", ""capacity"": 11.65, ""travel_time"": 3, ""status"": ""active""}"
MAG_010,HOSP_004,Road Network,11.36,2,active,"{""layer"": ""Road Network"", ""capacity"": 11.36, ""travel_time"": 2, ""status"": ""active""}"
MAG_010,HOSP_006,Road Network,14.11,3,active,"{""layer"": ""Road Network"", ""capacity"": 14.11, ""travel_time"": 3, ""status"": ""active""}"
MAG_010,HOSP_018,Road Network,11.21,1,active,"{""layer"": ""Road Network"", ""capacity"": 11.21, ""travel_time"": 1, ""status"": ""active""}"
MAG_011,HOSP_014,Road Network,6.66,2,active,"{""layer"": ""Road Network"", ""capacity"": 6.66, ""travel_time"": 2, ""status"": ""active""}"
MAG_011,HOSP_008,Road Network,15.17,1,active,"{""layer"": ""Road Network"", ""capacity"": 15.17, ""travel_time"": 1, ""status"": ""active""}"
MAG_011,HOSP_023,Road Network,13.9,4,active,"{""layer"": ""Road Network"", ""capacity"": 13.9, ""travel_time"": 4, ""status"": ""active""}"
MAG_011,HOSP_028,Road Network,12.9,3,active,"{""layer"": ""Road Network"", ""capacity"": 12.9, ""travel_time"": 3, ""status"": ""active""}"
MAG_012,HOSP_020,Road Network,19.77,3,active,"{""layer"": ""Road Network"", ""capacity"": 19.77, ""travel_time"": 3, ""status"": ""active""}"
MAG_012,HOSP_003,Road Network,5.82,1,active,"{""layer"": ""Road Network"", ""capacity"": 5.82, ""travel_time"": 1, ""status"": ""active""}"
MAG_012,HOSP_015,Road Network,8.07,4,active,"{""layer"": ""Road Network"", ""capacity"": 8.07, ""travel_time"": 4, ""status"": ""active""}"
MAG_012,HOSP_026,Road Network,19.18,4,active,"{""layer"": ""Road Network"", ""capacity"": 19.18, ""travel_time"": 4, ""status"": ""active""}"
MAG_013,HOSP_009,Road Network,6.8,1,active,"{""layer"": ""Road Network"", ""capacity"": 6.8, ""travel_time"": 1, ""status"": ""active""}"
MAG_013,HOSP_017,Road Network,12.46,1,active,"{""layer"": ""Road Network"", ""capacity"": 12.46, ""travel_time"": 1, ""status"": ""active""}"
MAG_013,HOSP_019,Road Network,11.46,3,active,"{""layer"": ""Road Network"", ""capacity"": 11.46, ""travel_time"": 3, ""status"": ""active""}"
MAG_013,HOSP_021,Road Network,6.94,2,active,"{""layer"": ""Road Network"", ""capacity"": 6.94, ""travel_time"": 2, ""status"": ""active""}"
MAG_014,HOSP_015,Road Network,17.93,5,active,"{""layer"": ""Road Network"", ""capacity"": 17.93, ""travel_time"": 5, ""status"": ""active""}"
MAG_014,HOSP_023,Road Network,5.63,6,active,"{""layer"": ""Road Network"", ""capacity"": 5.63, ""travel_time"": 6, ""status"": ""active""}"
MAG_014,HOSP_005,Road Network,5.28,4,active,"{""layer"": ""Road Network"", ""capacity"": 5.28, ""travel_time"": 4, ""status"": ""active""}"
MAG_014,HOSP_026,Road Network,18.82,3,active,"{""layer"": ""Road Network"", ""capacity"": 18.82, ""travel_time"": 3, ""status"": ""active""}"
MAG_015,HOSP_021,Road Network,9.34,4,active,"{""layer"": ""Road Network"", ""capacity"": 9.34, ""travel_time"": 4, ""status"": ""active""}"
MAG_015,HOSP_028,Road Network,11.08,3,active,"{""layer"": ""Road Network"", ""capacity"": 11.08, ""travel_time"": 3, ""status"": ""active""}"
MAG_015,HOSP_026,Road Network,19.49,3,active,"{""layer"": ""Road Network"", ""capacity"": 19.49, ""travel_time"": 3, ""status"": ""active""}"
MAG_015,HOSP_027,Road Network,7.58,4,active,"{""layer"": ""Road Network"", ""capacity"": 7.58, ""travel_time"": 4, ""status"": ""active""}"
MAG_016,HOSP_030,Road Network,17.67,2,active,"{""layer"": ""Road Network"", ""capacity"": 17.67, ""travel_time"": 2, ""status"": ""active""}"
MAG_016,HOSP_024,Road Network,8.65,5,active,"{""layer"": ""Road Network"", ""capacity"": 8.65, ""travel_time"": 5, ""status"": ""active""}"
MAG_016,HOSP_006,Road Network,13.83,5,active,"{""layer"": ""Road Network"", ""capacity"": 13.83, ""travel_time"": 5, ""status"": ""active""}"
MAG_016,HOSP_028,Road Network,12.86,5,active,"{""layer"": ""Road Network"", ""capacity"": 12.86, ""travel_time"": 5, ""status"": ""active""}"
MAG_017,HOSP_026,Road Network,10.0,5,active,"{""layer"": ""Road Network"", ""capacity"": 10.0, ""travel_time"": 5, ""status"": ""active""}"
MAG_017,HOSP_020,Road Network,7.52,2,active,"{""layer"": ""Road Network"", ""capacity"": 7.52, ""travel_time"": 2, ""status"": ""active""}"
MAG_017,HOSP_022,Road Network,12.66,2,active,"{""layer"": ""Road Network"", ""capacity"": 12.66, ""travel_time"": 2, ""status"": ""active""}"
MAG_017,HOSP_015,Road Network,6.71,6,active,"{""layer"": ""Road Network"", ""capacity"": 6.71, ""travel_time"": 6, ""status"": ""active""}"
MAG_018,HOSP_013,Road Network,6.54,4,active,"{""layer"": ""Road Network"", ""capacity"": 6.54, ""travel_time"": 4, ""status"": ""active""}"
MAG_018,HOSP_023,Road Network,8.84,2,active,"{""layer"": ""Road Network"", ""capacity"": 8.84, ""travel_time"": 2, ""status"": ""active""}"
MAG_018,HOSP_010,Road Network,7.6,3,active,"{""layer"": ""Road Network"", ""capacity"": 7.6, ""travel_time"": 3, ""status"": ""active""}"
MAG_018,HOSP_016,Road Network,7.29,4,active,"{""layer"": ""Road Network"", ""capacity"": 7.29, ""travel_time"": 4, ""status"": ""active""}"
MAG_019,HOSP_005,Road Network,16.32,2,active,"{""layer"": ""Road Network"", ""capacity"": 16.32, ""travel_time"": 2, ""status"": ""active""}"
MAG_019,HOSP_012,Road Network,16.4,1,active,"{""layer"": ""Road Network"", ""capacity"": 16.4, ""travel_time"": 1, ""status"": ""active""}"
MAG_019,HOSP_032,Road Network,11.73,2,active,"{""layer"": ""Road Network"", ""capacity"": 11.73, ""travel_time"": 2, ""status"": ""active""}"
MAG_019,HOSP_030,Road Network,18.86,2,active,"{""layer"": ""Road Network"", ""capacity"": 18.86, ""travel_time"": 2, ""status"": ""active""}"
MAG_020,HOSP_021,Road Network,12.03,5,active,"{""layer"": ""Road Network"", ""capacity"": 12.03, ""travel_time"": 5, ""status"": ""active""}"
MAG_020,HOSP_010,Road Network,14.47,3,active,"{""layer"": ""Road Network"", ""capacity"": 14.47, ""travel_time"": 3, ""status"": ""active""}"
MAG_020,HOSP_029,Road Network,16.94,3,active,"{""layer"": ""Road Network"", ""capacity"": 16.94, ""travel_time"": 3, ""status"": ""active""}"
MAG_020,HOSP_005,Road Network,13.87,1,active,"{""layer"": ""Road Network"", ""capacity"": 13.87, ""travel_time"": 1, ""status"": ""active""}"
DEPOT_001,HOSP_023,Road Network,11.78,5,active,"{""layer"": ""Road Network"", ""capacity"": 11.78, ""travel_time"": 5, ""status"": ""active""}"
DEPOT_001,HOSP_005,Road Network,5.85,4,active,"{""layer"": ""Road Network"", ""capacity"": 5.85, ""travel_time"": 4, ""status"": ""active""}"
DEPOT_001,HOSP_020,Road Network,17.48,2,active,"{""layer"": ""Road Network"", ""capacity"": 17.48, ""travel_time"": 2, ""status"": ""active""}"
DEPOT_001,HOSP_030,Road Network,6.15,2,active,"{""layer"": ""Road Network"", ""capacity"": 6.15, ""travel_time"": 2, ""status"": ""active""}"
DEPOT_002,HOSP_006,Road Network,11.75,4,active,"{""layer"": ""Road Network"", ""capacity"": 11.75, ""travel_time"": 4, ""status"": ""active""}"
DEPOT_002,HOSP_025,Road Network,17.15,3,active,"{""layer"": ""Road Network"", ""capacity"": 17.15, ""travel_time"": 3, ""status"": ""active""}"
DEPOT_002,HOSP_030,Road Network,14.78,3,active,"{""layer"": ""Road Network"", ""capacity"": 14.78, ""travel_time"": 3, ""status"": ""active""}"
DEPOT_002,HOSP_003,Road Network,9.82,2,active,"{""layer"": ""Road Network"", ""capacity"": 9.82, ""travel_time"": 2, ""status"": ""active""}"
DEPOT_003,HOSP_031,Road Network,6.55,4,active,"{""layer"": ""Road Network"", ""capacity"": 6.55, ""travel_time"": 4, ""status"": ""active""}"
DEPOT_003,HOSP_010,Road Network,18.49,3,active,"{""layer"": ""Road Network"", ""capacity"": 18.49, ""travel_time"": 3, ""status"": ""active""}"
DEPOT_003,HOSP_004,Road Network,10.15,2,active,"{""layer"": ""Road Network"", ""capacity"": 10.15, ""travel_time"": 2, ""status"": ""active""}"
DEPOT_003,HOSP_029,Road Network,15.71,3,active,"{""layer"": ""Road Network"", ""capacity"": 15.71, ""travel_time"": 3, ""status"": ""active""}"
DEPOT_004,HOSP_012,Road Network,19.86,4,active,"{""layer"": ""Road Network"", ""capacity"": 19.86, ""travel_time"": 4, ""status"": ""active""}"
DEPOT_004,HOSP_003,Road Network,12.86,6,active,"{""layer"": ""Road Network"", ""capacity"": 12.86, ""travel_time"": 6, ""status"": ""active""}"
DEPOT_004,HOSP_016,Road Network,14.15,5,active,"{""layer"": ""Road Network"", ""capacity"": 14.15, ""travel_time"": 5, ""status"": ""active""}"
DEPOT_004,HOSP_029,Road Network,10.46,2,active,"{""layer"": ""Road Network"", ""capacity"": 10.46, ""travel_time"": 2, ""status"": ""active""}"
DEPOT_005,HOSP_019,Road Network,15.18,2,active,"{""layer"": ""Road Network"", ""capacity"": 15.18, ""travel_time"": 2, ""status"": ""active""}"
DEPOT_005,HOSP_025,Road Network,5.79,3,active,"{""layer"": ""Road Network"", ""capacity"": 5.79, ""travel_time"": 3, ""status"": ""active""}"
DEPOT_005,HOSP_027,Road Network,14.46,1,active,"{""layer"": ""Road Network"", ""capacity"": 14.46, ""travel_time"": 1, ""status"": ""active""}"
DEPOT_005,HOSP_022,Road Network,10.02,3,active,"{""layer"": ""Road Network"", ""capacity"": 10.02, ""travel_time"": 3, ""status"": ""active""}"
DEPOT_006,HOSP_022,Road Network,8.78,4,active,"{""layer"": ""Road Network"", ""capacity"": 8.78, ""travel_time"": 4, ""status"": ""active""}"
DEPOT_006,HOSP_007,Road Network,17.77,3,active,"{""layer"": ""Road Network"", ""capacity"": 17.77, ""travel_time"": 3, ""status"": ""active""}"
DEPOT_006,HOSP_025,Road Network,19.47,3,active,"{""layer"": ""Road Network"", ""capacity"": 19.47, ""travel_time"": 3, ""status"": ""active""}"
DEPOT_006,HOSP_019,Road Network,14.04,1,active,"{""layer"": ""Road Network"", ""capacity"": 14.04, ""travel_time"": 1, ""status"": ""active""}"
DEPOT_007,HOSP_010,Road Network,9.65,1,active,"{""layer"": ""Road Network"", ""capacity"": 9.65, ""travel_time"": 1, ""status"": ""active""}"
DEPOT_007,HOSP_022,Road Network,14.84,4,active,"{""layer"": ""Road Network"", ""capacity"": 14.84, ""travel_time"": 4, ""status"": ""active""}"
DEPOT_007,HOSP_006,Road Network,14.93,5,active,"{""layer"": ""Road Network"", ""capacity"": 14.93, ""travel_time"": 5, ""status"": ""active""}"
DEPOT_007,HOSP_023,Road Network,6.93,5,active,"{""layer"": ""Road Network"", ""capacity"": 6.93, ""travel_time"": 5, ""status"": ""active""}"
DEPOT_008,HOSP_006,Road Network,17.2,3,active,"{""layer"": ""Road Network"", ""capacity"": 17.2, ""travel_time"": 3, ""status"": ""active""}"
DEPOT_008,HOSP_020,Road Network,15.05,3,active,"{""layer"": ""Road Network"", ""capacity"": 15.05, ""travel_time"": 3, ""status"": ""active""}"
DEPOT_008,HOSP_025,Road Network,17.43,2,active,"{""layer"": ""Road Network"", ""capacity"": 17.43, ""travel_time"": 2, ""status"": ""active""}"
DEPOT_008,HOSP_022,Road Network,16.08,4,active,"{""layer"": ""Road Network"", ""capacity"": 16.08, ""travel_time"": 4, ""status"": ""active""}"
DEPOT_009,HOSP_006,Road Network,10.44,5,active,"{""layer"": ""Road Network"", ""capacity"": 10.44, ""travel_time"": 5, ""status"": ""active""}"
DEPOT_009,HOSP_028,Road Network,7.7,5,active,"{""layer"": ""Road Network"", ""capacity"": 7.7, ""travel_time"": 5, ""status"": ""active""}"
DEPOT_009,HOSP_024,Road Network,8.21,5,active,"{""layer"": ""Road Network"", ""capacity"": 8.21, ""travel_time"": 5, ""status"": ""active""}"
DEPOT_009,HOSP_002,Road Network,19.22,6,active,"{""layer"": ""Road Network"", ""capacity"": 19.22, ""travel_time"": 6, ""status"": ""active""}"
DEPOT_010,HOSP_032,Road Network,7.32,3,active,"{""layer"": ""Road Network"", ""capacity"": 7.32, ""travel_time"": 3, ""status"": ""active""}"
DEPOT_010,HOSP_013,Road Network,9.44,4,active,"{""layer"": ""Road Network"", ""capacity"": 9.44, ""travel_time"": 4, ""status"": ""active""}"
DEPOT_010,HOSP_015,Road Network,16.82,4,active,"{""layer"": ""Road Network"", ""capacity"": 16.82, ""travel_time"": 4, ""status"": ""active""}"
DEPOT_010,HOSP_009,Road Network,12.62,3,active,"{""layer"": ""Road Network"", ""capacity"": 12.62, ""travel_time"": 3, ""status"": ""active""}"
DATA_001,HOSP_003,Telecom Network,329.8,4,active,"{""layer"": ""Telecom Network"", ""capacity"": 329.8, ""travel_time"": 4, ""status"": ""active""}"
DATA_001,HOSP_022,Telecom Network,865.08,1,active,"{""layer"": ""Telecom Network"", ""capacity"": 865.08, ""travel_time"": 1, ""status"": ""active""}"
DATA_001,HOSP_009,Telecom Network,816.88,4,active,"{""layer"": ""Telecom Network"", ""capacity"": 816.88, ""travel_time"": 4, ""status"": ""active""}"
DATA_001,HOSP_025,Telecom Network,847.23,2,active,"{""layer"": ""Telecom Network"", ""capacity"": 847.23, ""travel_time"": 2, ""status"": ""active""}"
DATA_001,HOSP_010,Telecom Network,332.43,4,active,"{""layer"": ""Telecom Network"", ""capacity"": 332.43, ""travel_time"": 4, ""status"": ""active""}"
DATA_002,HOSP_029,Telecom Network,975.67,2,active,"{""layer"": ""Telecom Network"", ""capacity"": 975.67, ""travel_time"": 2, ""status"": ""active""}"
DATA_002,HOSP_003,Telecom Network,688.48,5,active,"{""layer"": ""Telecom Network"", ""capacity"": 688.48, ""travel_time"": 5, ""status"": ""active""}"
DATA_002,HOSP_027,Telecom Network,801.91,1,active,"{""layer"": ""Telecom Network"", ""capacity"": 801.91, ""travel_time"": 1, ""status"": ""active""}"
DATA_002,HOSP_024,Telecom Network,827.04,4,active,"{""layer"": ""Telecom Network"", ""capacity"": 827.04, ""travel_time"": 4, ""status"": ""active""}"
DATA_002,HOSP_016,Telecom Network,387.2,5,active,"{""layer"": ""Telecom Network"", ""capacity"": 387.2, ""travel_time"": 5, ""status"": ""active""}"
DATA_003,HOSP_016,Telecom Network,742.65,5,active,"{""layer"": ""Telecom Network"", ""capacity"": 742.65, ""travel_time"": 5, ""status"": ""active""}"
DATA_003,HOSP_020,Telecom Network,656.34,3,active,"{""layer"": ""Telecom Network"", ""capacity"": 656.34, ""travel_time"": 3, ""status"": ""active""}"
DATA_003,HOSP_031,Telecom Network,552.48,5,active,"{""layer"": ""Telecom Network"", ""capacity"": 552.48, ""travel_time"": 5, ""status"": ""active""}"
DATA_003,HOSP_013,Telecom Network,815.55,5,active,"{""layer"": ""Telecom Network"", ""capacity"": 815.55, ""travel_time"": 5, ""status"": ""active""}"
DATA_003,HOSP_024,Telecom Network,822.5,2,active,"{""layer"": ""Telecom Network"", ""capacity"": 822.5, ""travel_time"": 2, ""status"": ""active""}"
DATA_004,HOSP_027,Telecom Network,241.74,2,active,"{""layer"": ""Telecom Network"", ""capacity"": 241.74, ""travel_time"": 2, ""status"": ""active""}"
DATA_004,HOSP_011,Telecom Network,584.47,7,active,"{""layer"": ""Telecom Network"", ""capacity"": 584.47, ""travel_time"": 7, ""status"": ""active""}"
DATA_004,HOSP_013,Telecom Network,496.97,5,active,"{""layer"": ""Telecom Network"", ""capacity"": 496.97, ""travel_time"": 5, ""status"": ""active""}"
DATA_004,HOSP_009,Telecom Network,947.43,2,active,"{""layer"": ""Telecom Network"", ""capacity"": 947.43, ""travel_time"": 2, ""status"": ""active""}"
DATA_004,HOSP_017,Telecom Network,769.12,2,active,"{""layer"": ""Telecom Network"", ""capacity"": 769.12, ""travel_time"": 2, ""status"": ""active""}"
DATA_005,HOSP_008,Telecom Network,559.46,4,active,"{""layer"": ""Telecom Network"", ""capacity"": 559.46, ""travel_time"": 4, ""status"": ""active""}"
DATA_005,HOSP_019,Telecom Network,610.68,4,active,"{""layer"": ""Telecom Network"", ""capacity"": 610.68, ""travel_time"": 4, ""status"": ""active""}"
DATA_005,HOSP_006,Telecom Network,864.84,2,active,"{""layer"": ""Telecom Network"", ""capacity"": 864.84, ""travel_time"": 2, ""status"": ""active""}"
DATA_005,HOSP_011,Telecom Network,273.37,3,active,"{""layer"": ""Telecom Network"", ""capacity"": 273.37, ""travel_time"": 3, ""status"": ""active""}"
DATA_005,HOSP_018,Telecom Network,928.4,3,active,"{""layer"": ""Telecom Network"", ""capacity"": 928.4, ""travel_time"": 3, ""status"": ""active""}"
DATA_006,HOSP_029,Telecom Network,517.16,4,active,"{""layer"": ""Telecom Network"", ""capacity"": 517.16, ""travel_time"": 4, ""status"": ""active""}"
DATA_006,HOSP_023,Telecom Network,499.17,1,active,"{""layer"": ""Telecom Network"", ""capacity"": 499.17, ""travel_time"": 1, ""status"": ""active""}"
DATA_006,HOSP_002,Telecom Network,508.93,2,active,"{""layer"": ""Telecom Network"", ""capacity"": 508.93, ""travel_time"": 2, ""status"": ""active""}"
DATA_006,HOSP_027,Telecom Network,265.28,4,active,"{""layer"": ""Telecom Network"", ""capacity"": 265.28, ""travel_time"": 4, ""status"": ""active""}"
DATA_006,HOSP_004,Telecom Network,379.63,4,active,"{""layer"": ""Telecom Network"", ""capacity"": 379.63, ""travel_time"": 4, ""status"": ""active""}"
DATA_007,HOSP_021,Telecom Network,230.64,3,active,"{""layer"": ""Telecom Network"", ""capacity"": 230.64, ""travel_time"": 3, ""status"": ""active""}"
DATA_007,HOSP_007,Telecom Network,933.92,2,active,"{""layer"": ""Telecom Network"", ""capacity"": 933.92, ""travel_time"": 2, ""status"": ""active""}"
DATA_007,HOSP_022,Telecom Network,577.96,4,active,"{""layer"": ""Telecom Network"", ""capacity"": 577.96, ""travel_time"": 4, ""status"": ""active""}"
DATA_007,HOSP_010,Telecom Network,864.89,5,active,"{""layer"": ""Telecom Network"", ""capacity"": 864.89, ""travel_time"": 5, ""status"": ""active""}"
DATA_007,HOSP_009,Telecom Network,807.07,6,active,"{""layer"": ""Telecom Network"", ""capacity"": 807.07, ""travel_time"": 6, ""status"": ""active""}"
DATA_008,HOSP_031,Telecom Network,404.74,6,active,"{""layer"": ""Telecom Network"", ""capacity"": 404.74, ""travel_time"": 6, ""status"": ""active""}"
DATA_008,HOSP_029,Telecom Network,867.97,5,active,"{""layer"": ""Telecom Network"", ""capacity"": 867.97, ""travel_time"": 5, ""status"": ""active""}"
DATA_008,HOSP_001,Telecom Network,639.04,4,active,"{""layer"": ""Telecom Network"", ""capacity"": 639.04, ""travel_time"": 4, ""status"": ""active""}"
DATA_008,HOSP_006,Telecom Network,781.79,4,active,"{""layer"": ""Telecom Network"", ""capacity"": 781.79, ""travel_time"": 4, ""status"": ""active""}"
DATA_008,HOSP_002,Telecom Network,622.22,1,active,"{""layer"": ""Telecom Network"", ""capacity"": 622.22, ""travel_time"": 1, ""status"": ""active""}"
DATA_009,HOSP_008,Telecom Network,390.75,2,active,"{""layer"": ""Telecom Network"", ""capacity"": 390.75, ""travel_time"": 2, ""status"": ""active""}"
DATA_009,HOSP_019,Telecom Network,711.16,2,active,"{""layer"": ""Telecom Network"", ""capacity"": 711.16, ""travel_time"": 2, ""status"": ""active""}"
DATA_009,HOSP_016,Telecom Network,698.25,3,active,"{""layer"": ""Telecom Network"", ""capacity"": 698.25, ""travel_time"": 3, ""status"": ""active""}"
DATA_009,HOSP_020,Telecom Network,250.25,2,active,"{""layer"": ""Telecom Network"", ""capacity"": 250.25, ""travel_time"": 2, ""status"": ""active""}"
DATA_009,HOSP_004,Telecom Network,869.35,2,active,"{""layer"": ""Telecom Network"", ""capacity"": 869.35, ""travel_time"": 2, ""status"": ""active""}"
DATA_010,HOSP_032,Telecom Network,543.39,1,active,"{""layer"": ""Telecom Network"", ""capacity"": 543.39, ""travel_time"": 1, ""status"": ""active""}"
DATA_010,HOSP_002,Telecom Network,691.85,3,active,"{""layer"": ""Telecom Network"", ""capacity"": 691.85, ""travel_time"": 3, ""status"": ""active""}"
DATA_010,HOSP_016,Telecom Network,392.45,2,active,"{""layer"": ""Telecom Network"", ""capacity"": 392.45, ""travel_time"": 2, ""status"": ""active""}"
DATA_010,HOSP_010,Telecom Network,533.25,4,active,"{""layer"": ""Telecom Network"", ""capacity"": 533.25, ""travel_time"": 4, ""status"": ""active""}"
DATA_010,HOSP_019,Telecom Network,731.5,2,active,"{""layer"": ""Telecom Network"", ""capacity"": 731.5, ""travel_time"": 2, ""status"": ""active""}"
DATA_011,HOSP_006,Telecom Network,898.67,5,active,"{""layer"": ""Telecom Network"", ""capacity"": 898.67, ""travel_time"": 5, ""status"": ""active""}"
DATA_011,HOSP_024,Telecom Network,234.83,2,active,"{""layer"": ""Telecom Network"", ""capacity"": 234.83, ""travel_time"": 2, ""status"": ""active""}"
DATA_011,HOSP_005,Telecom Network,509.51,3,active,"{""layer"": ""Telecom Network"", ""capacity"": 509.51, ""travel_time"": 3, ""status"": ""active""}"
DATA_011,HOSP_002,Telecom Network,498.64,3,active,"{""layer"": ""Telecom Network"", ""capacity"": 498.64, ""travel_time"": 3, ""status"": ""active""}"
DATA_011,HOSP_025,Telecom Network,797.85,4,active,"{""layer"": ""Telecom Network"", ""capacity"": 797.85, ""travel_time"": 4, ""status"": ""active""}"
DATA_012,HOSP_023,Telecom Network,306.73,2,active,"{""layer"": ""Telecom Network"", ""capacity"": 306.73, ""travel_time"": 2, ""status"": ""active""}"
DATA_012,HOSP_005,Telecom Network,481.84,5,active,"{""layer"": ""Telecom Network"", ""capacity"": 481.84, ""travel_time"": 5, ""status"": ""active""}"
DATA_012,HOSP_016,Telecom Network,470.84,5,active,"{""layer"": ""Telecom Network"", ""capacity"": 470.84, ""travel_time"": 5, ""status"": ""active""}"
DATA_012,HOSP_007,Telecom Network,714.24,1,active,"{""layer"": ""Telecom Network"", ""capacity"": 714.24, ""travel_time"": 1, ""status"": ""active""}"
DATA_012,HOSP_022,Telecom Network,864.31,3,active,"{""layer"": ""Telecom Network"", ""capacity"": 864.31, ""travel_time"": 3, ""status"": ""active""}"
MAG_008,DEPOT_001,Road Network,15.05,5,active,"{""layer"": ""Road Network"", ""capacity"": 15.05, ""travel_time"": 5, ""status"": ""active""}"
DEPOT_004,DEPOT_010,Road Network,12.97,3,active,"{""layer"": ""Road Network"", ""capacity"": 12.97, ""travel_time"": 3, ""status"": ""active""}"
MAG_009,MAG_011,Road Network,14.57,5,active,"{""layer"": ""Road Network"", ""capacity"": 14.57, ""travel_time"": 5, ""status"": ""active""}"
DEPOT_001,DEPOT_005,Road Network,5.79,1,active,"{""layer"": ""Road Network"", ""capacity"": 5.79, ""travel_time"": 1, ""status"": ""active""}"
MAG_017,DEPOT_006,Road Network,11.2,3,active,"{""layer"": ""Road Network"", ""capacity"": 11.2, ""travel_time"": 3, ""status"": ""active""}"
DEPOT_003,DEPOT_008,Road Network,15.76,2,active,"{""layer"": ""Road Network"", ""capacity"": 15.76, ""travel_time"": 2, ""status"": ""active""}"
MAG_001,MAG_010,Road Network,6.51,2,active,"{""layer"": ""Road Network"", ""capacity"": 6.51, ""travel_time"": 2, ""status"": ""active""}"
MAG_005,MAG_009,Road Network,16.56,4,active,"{""layer"": ""Road Network"", ""capacity"": 16.56, ""travel_time"": 4, ""status"": ""active""}"
MAG_003,DEPOT_002,Road Network,5.08,5,active,"{""layer"": ""Road Network"", ""capacity"": 5.08, ""travel_time"": 5, ""status"": ""active""}"
MAG_007,DEPOT_003,Road Network,13.26,2,active,"{""layer"": ""Road Network"", ""capacity"": 13.26, ""travel_time"": 2, ""status"": ""active""}"
MAG_004,MAG_012,Road Network,18.94,3,active,"{""layer"": ""Road Network"", ""capacity"": 18.94, ""travel_time"": 3, ""status"": ""active""}"
MAG_001,MAG_004,Road Network,11.1,4,active,"{""layer"": ""Road Network"", ""capacity"": 11.1, ""travel_time"": 4, ""status"": ""active""}"
MAG_008,MAG_018,Road Network,19.03,3,active,"{""layer"": ""Road Network"", ""capacity"": 19.03, ""travel_time"": 3, ""status"": ""active""}"
MAG_001,DEPOT_010,Road Network,18.18,3,active,"{""layer"": ""Road Network"", ""capacity"": 18.18, ""travel_time"": 3, ""status"": ""active""}"
MAG_017,DEPOT_005,Road Network,12.16,2,active,"{""layer"": ""Road Network"", ""capacity"": 12.16, ""travel_time"": 2, ""status"": ""active""}"
MAG_001,MAG_002,Road Network,7.99,4,active,"{""layer"": ""Road Network"", ""capacity"": 7.99, ""travel_time"": 4, ""status"": ""active""}"
MAG_004,DEPOT_002,Road Network,19.46,3,active,"{""layer"": ""Road Network"", ""capacity"": 19.46, ""travel_time"": 3, ""status"": ""active""}"
MAG_005,MAG_007,Road Network,9.82,3,active,"{""layer"": ""Road Network"", ""capacity"": 9.82, ""travel_time"": 3, ""status"": ""active""}"
MAG_015,MAG_018,Road Network,14.69,3,active,"{""layer"": ""Road Network"", ""capacity"": 14.69, ""travel_time"": 3, ""status"": ""active""}"
MAG_013,MAG_017,Road Network,18.62,3,active,"{""layer"": ""Road Network"", ""capacity"": 18.62, ""travel_time"": 3, ""status"": ""active""}"
MAG_002,DEPOT_010,Road Network,6.34,1,active,"{""layer"": ""Road Network"", ""capacity"": 6.34, ""travel_time"": 1, ""status"": ""active""}"
MAG_010,DEPOT_002,Road Network,13.61,2,active,"{""layer"": ""Road Network"", ""capacity"": 13.61, ""travel_time"": 2, ""status"": ""active""}"
MAG_006,MAG_007,Road Network,13.03,2,active,"{""layer"": ""Road Network"", ""capacity"": 13.03, ""travel_time"": 2, ""status"": ""active""}"
MAG_006,MAG_010,Road Network,15.85,2,active,"{""layer"": ""Road Network"", ""capacity"": 15.85, ""travel_time"": 2, ""status"": ""active""}"
DEPOT_001,DEPOT_002,Road Network,19.05,4,active,"{""layer"": ""Road Network"", ""capacity"": 19.05, ""travel_time"": 4, ""status"": ""active""}"
MAG_010,DEPOT_009,Road Network,18.7,3,active,"{""layer"": ""Road Network"", ""capacity"": 18.7, ""travel_time"": 3, ""status"": ""active""}"
MAG_017,DEPOT_003,Road Network,7.63,3,active,"{""layer"": ""Road Network"", ""capacity"": 7.63, ""travel_time"": 3, ""status"": ""active""}"
MAG_014,MAG_020,Road Network,18.23,3,active,"{""layer"": ""Road Network"", ""capacity"": 18.23, ""travel_time"": 3, ""status"": ""active""}"
MAG_008,DEPOT_007,Road Network,7.64,6,active,"{""layer"": ""Road Network"", ""capacity"": 7.64, ""travel_time"": 6, ""status"": ""active""}"
MAG_018,DEPOT_005,Road Network,18.79,3,active,"{""layer"": ""Road Network"", ""capacity"": 18.79, ""travel_time"": 3, ""status"": ""active""}"
POWER_006,POWER_009,Energy Grid,149.72,2,active,"{""layer"": ""Energy Grid"", ""capacity"": 149.72, ""travel_time"": 2, ""status"": ""active""}"
POWER_003,POWER_011,Energy Grid,89.7,4,active,"{""layer"": ""Energy Grid"", ""capacity"": 89.7, ""travel_time"": 4, ""status"": ""active""}"
POWER_001,POWER_007,Energy Grid,99.54,2,active,"{""layer"": ""Energy Grid"", ""capacity"": 99.54, ""travel_time"": 2, ""status"": ""active""}"
POWER_001,POWER_008,Energy Grid,143.66,3,active,"{""layer"": ""Energy Grid"", ""capacity"": 143.66, ""travel_time"": 3, ""status"": ""active""}"
POWER_004,POWER_011,Energy Grid,146.21,2,active,"{""layer"": ""Energy Grid"", ""capacity"": 146.21, ""travel_time"": 2, ""status"": ""active""}"
POWER_001,POWER_002,Energy Grid,142.6,2,active,"{""layer"": ""Energy Grid"", ""capacity"": 142.6, ""travel_time"": 2, ""status"": ""active""}"
POWER_007,POWER_012,Energy Grid,137.67,4,active,"{""layer"": ""Energy Grid"", ""capacity"": 137.67, ""travel_time"": 4, ""status"": ""active""}"
POWER_005,POWER_006,Energy Grid,50.93,3,active,"{""layer"": ""Energy Grid"", ""capacity"": 50.93, ""travel_time"": 3, ""status"": ""active""}"
POWER_001,POWER_012,Energy Grid,106.8,5,active,"{""layer"": ""Energy Grid"", ""capacity"": 106.8, ""travel_time"": 5, ""status"": ""active""}"
POWER_004,POWER_007,Energy Grid,60.73,3,active,"{""layer"": ""Energy Grid"", ""capacity"": 60.73, ""travel_time"": 3, ""status"": ""active""}"
POWER_006,POWER_012,Energy Grid,148.3,2,active,"{""layer"": ""Energy Grid"", ""capacity"": 148.3, ""travel_time"": 2, ""status"": ""active""}"
POWER_003,POWER_007,Energy Grid,78.46,5,active,"{""layer"": ""Energy Grid"", ""capacity"": 78.46, ""travel_time"": 5, ""status"": ""active""}"
POWER_008,POWER_012,Energy Grid,148.91,3,active,"{""layer"": ""Energy Grid"", ""capacity"": 148.91, ""travel_time"": 3, ""status"": ""active""}"
POWER_001,POWER_009,Energy Grid,104.33,5,active,"{""layer"": ""Energy Grid"", ""capacity"": 104.33, ""travel_time"": 5, ""status"": ""active""}"
POWER_003,POWER_009,Energy Grid,99.39,4,active,"{""layer"": ""Energy Grid"", ""capacity"": 99.39, ""travel_time"": 4, ""status"": ""active""}"
